file,id,field,old,new,reason,date
records.csv,nmc-0688,source_license,CC-BY-4.0,cc-by-4.0,license identifier lowercased,2026-09-17
records.csv,nmc-0687,source_license,CC-BY-4.0,cc-by-4.0,license identifier lowercased,2026-09-17
records.csv,nmc-0683,source_license,CC-BY-4.0,cc-by-4.0,license identifier lowercased,2026-09-17
records.csv,nmc-0684,source_license,CC-BY-4.0,cc-by-4.0,license identifier lowercased,2026-09-17
records.csv,nmc-0686,source_license,CC-BY-4.0,cc-by-4.0,license identifier lowercased,2026-09-17
records.csv,nmc-0685,source_license,CC-BY-4.0,cc-by-4.0,license identifier lowercased,2026-09-17
records.csv,nmc-0690,source_license,CC-BY-4.0,cc-by-4.0,license identifier lowercased,2026-09-17
records.csv,nmc-0689,source_license,CC-BY-4.0,cc-by-4.0,license identifier lowercased,2026-09-17
records.csv,nmc-0691,source_license,CC-BY-4.0,cc-by-4.0,license identifier lowercased,2026-09-17
records.csv,nmc-0692,source_license,CC-BY-4.0,cc-by-4.0,license identifier lowercased,2026-09-17
records.csv,nmc-0693,source_license,CC-BY-4.0,cc-by-4.0,license identifier lowercased,2026-09-17
records.csv,nmc-0694,source_license,CC-BY-4.0,cc-by-4.0,license identifier lowercased,2026-09-17
records.csv,nmc-1643,source_license,CC-BY-4.0,cc-by-4.0,license identifier lowercased,2026-09-17
records.csv,nmc-1644,source_license,CC-BY-4.0,cc-by-4.0,license identifier lowercased,2026-09-17
records.csv,nmc-1645,source_license,CC-BY-4.0,cc-by-4.0,license identifier lowercased,2026-09-17
records.csv,nmc-1646,source_license,CC-BY-4.0,cc-by-4.0,license identifier lowercased,2026-09-17
records.csv,nmc-1647,source_license,CC-BY-4.0,cc-by-4.0,license identifier lowercased,2026-09-17
records.csv,nmc-1766,active_material_wt_pct,87.7,89.5,"extraction error (derived value): paper states 'CAM/SiO2/C65/PVDF ink composition of 89.5/5.0/4.0/3.5 (by weight)'; previous value was 89.5 renormalized over the 102 total, inconsistent with the unrenormalized 4.0 and 3.5; paper-stated value used",2026-09-17
records.csv,nmc-1766,source_license,CC-BY-4.0,cc-by-4.0,license identifier lowercased,2026-09-17
records.csv,nmc-1754,source_license,CC-BY-4.0,cc-by-4.0,license identifier lowercased,2026-09-17
records.csv,nmc-1768,source_license,CC-BY-4.0,cc-by-4.0,license identifier lowercased,2026-09-17
records.csv,nmc-1770,source_license,CC-BY-4.0,cc-by-4.0,license identifier lowercased,2026-09-17
records.csv,nmc-1756,source_license,CC-BY-4.0,cc-by-4.0,license identifier lowercased,2026-09-17
records.csv,nmc-1753,source_license,CC-BY-4.0,cc-by-4.0,license identifier lowercased,2026-09-17
records.csv,nmc-1765,active_material_wt_pct,87.7,89.5,"extraction error (derived value): paper states 'CAM/SiO2/C65/PVDF ink composition of 89.5/5.0/4.0/3.5 (by weight)'; previous value was 89.5 renormalized over the 102 total, inconsistent with the unrenormalized 4.0 and 3.5; paper-stated value used",2026-09-17
records.csv,nmc-1765,source_license,CC-BY-4.0,cc-by-4.0,license identifier lowercased,2026-09-17
records.csv,nmc-1755,source_license,CC-BY-4.0,cc-by-4.0,license identifier lowercased,2026-09-17
records.csv,nmc-1767,source_license,CC-BY-4.0,cc-by-4.0,license identifier lowercased,2026-09-17
records.csv,nmc-1769,source_license,CC-BY-4.0,cc-by-4.0,license identifier lowercased,2026-09-17
records.csv,nmc-1751,source_license,CC-BY-4.0,cc-by-4.0,license identifier lowercased,2026-09-17
records.csv,nmc-1762,active_material_wt_pct,87.7,89.5,"extraction error (derived value): paper states 'CAM/SiO2/C65/PVDF ink composition of 89.5/5.0/4.0/3.5 (by weight)'; previous value was 89.5 renormalized over the 102 total, inconsistent with the unrenormalized 4.0 and 3.5; paper-stated value used",2026-09-17
records.csv,nmc-1762,source_license,CC-BY-4.0,cc-by-4.0,license identifier lowercased,2026-09-17
records.csv,nmc-1764,source_license,CC-BY-4.0,cc-by-4.0,license identifier lowercased,2026-09-17
records.csv,nmc-1752,source_license,CC-BY-4.0,cc-by-4.0,license identifier lowercased,2026-09-17
records.csv,nmc-1749,source_license,CC-BY-4.0,cc-by-4.0,license identifier lowercased,2026-09-17
records.csv,nmc-1761,active_material_wt_pct,87.7,89.5,"extraction error (derived value): paper states 'CAM/SiO2/C65/PVDF ink composition of 89.5/5.0/4.0/3.5 (by weight)'; previous value was 89.5 renormalized over the 102 total, inconsistent with the unrenormalized 4.0 and 3.5; paper-stated value used",2026-09-17
records.csv,nmc-1761,source_license,CC-BY-4.0,cc-by-4.0,license identifier lowercased,2026-09-17
records.csv,nmc-1763,source_license,CC-BY-4.0,cc-by-4.0,license identifier lowercased,2026-09-17
records.csv,nmc-1750,source_license,CC-BY-4.0,cc-by-4.0,license identifier lowercased,2026-09-17
records.csv,nmc-1747,source_license,CC-BY-4.0,cc-by-4.0,license identifier lowercased,2026-09-17
records.csv,nmc-1748,source_license,CC-BY-4.0,cc-by-4.0,license identifier lowercased,2026-09-17
records.csv,nmc-1596,source_license,CC-BY-4.0,cc-by-4.0,license identifier lowercased,2026-09-17
records.csv,nmc-1594,source_license,CC-BY-4.0,cc-by-4.0,license identifier lowercased,2026-09-17
records.csv,nmc-1600,source_license,CC-BY-4.0,cc-by-4.0,license identifier lowercased,2026-09-17
records.csv,nmc-1602,source_license,CC-BY-4.0,cc-by-4.0,license identifier lowercased,2026-09-17
records.csv,nmc-1478,source_license,CC-BY-4.0,cc-by-4.0,license identifier lowercased,2026-09-17
records.csv,nmc-1479,source_license,CC-BY-4.0,cc-by-4.0,license identifier lowercased,2026-09-17
records.csv,nmc-1481,source_license,CC-BY-4.0,cc-by-4.0,license identifier lowercased,2026-09-17
records.csv,nmc-1483,source_license,CC-BY-4.0,cc-by-4.0,license identifier lowercased,2026-09-17
records.csv,nmc-1485,source_license,CC-BY-4.0,cc-by-4.0,license identifier lowercased,2026-09-17
records.csv,nmc-1487,source_license,CC-BY-4.0,cc-by-4.0,license identifier lowercased,2026-09-17
records.csv,nmc-1489,source_license,CC-BY-4.0,cc-by-4.0,license identifier lowercased,2026-09-17
records.csv,nmc-1474,source_license,CC-BY-4.0,cc-by-4.0,license identifier lowercased,2026-09-17
records.csv,nmc-1475,source_license,CC-BY-4.0,cc-by-4.0,license identifier lowercased,2026-09-17
records.csv,nmc-1480,source_license,CC-BY-4.0,cc-by-4.0,license identifier lowercased,2026-09-17
records.csv,nmc-1476,source_license,CC-BY-4.0,cc-by-4.0,license identifier lowercased,2026-09-17
records.csv,nmc-1482,source_license,CC-BY-4.0,cc-by-4.0,license identifier lowercased,2026-09-17
records.csv,nmc-1484,source_license,CC-BY-4.0,cc-by-4.0,license identifier lowercased,2026-09-17
records.csv,nmc-1486,source_license,CC-BY-4.0,cc-by-4.0,license identifier lowercased,2026-09-17
records.csv,nmc-1488,source_license,CC-BY-4.0,cc-by-4.0,license identifier lowercased,2026-09-17
records.csv,nmc-0218,source_license,CC-BY-4.0,cc-by-4.0,license identifier lowercased,2026-09-17
records.csv,nmc-1597,source_license,CC-BY-4.0,cc-by-4.0,license identifier lowercased,2026-09-17
records.csv,nmc-1595,source_license,CC-BY-4.0,cc-by-4.0,license identifier lowercased,2026-09-17
records.csv,nmc-1601,source_license,CC-BY-4.0,cc-by-4.0,license identifier lowercased,2026-09-17
records.csv,nmc-1603,source_license,CC-BY-4.0,cc-by-4.0,license identifier lowercased,2026-09-17
records.csv,nmc-1823,source_license,CC-BY-4.0,cc-by-4.0,license identifier lowercased,2026-09-17
records.csv,nmc-1828,source_license,CC-BY-4.0,cc-by-4.0,license identifier lowercased,2026-09-17
records.csv,nmc-1829,source_license,CC-BY-4.0,cc-by-4.0,license identifier lowercased,2026-09-17
records.csv,nmc-1830,source_license,CC-BY-4.0,cc-by-4.0,license identifier lowercased,2026-09-17
records.csv,nmc-1824,source_license,CC-BY-4.0,cc-by-4.0,license identifier lowercased,2026-09-17
records.csv,nmc-1825,source_license,CC-BY-4.0,cc-by-4.0,license identifier lowercased,2026-09-17
records.csv,nmc-1833,source_license,CC-BY-4.0,cc-by-4.0,license identifier lowercased,2026-09-17
records.csv,nmc-1832,source_license,CC-BY-4.0,cc-by-4.0,license identifier lowercased,2026-09-17
records.csv,nmc-1831,source_license,CC-BY-4.0,cc-by-4.0,license identifier lowercased,2026-09-17
records.csv,nmc-1651,source_license,CC-BY-4.0,cc-by-4.0,license identifier lowercased,2026-09-17
records.csv,nmc-1707,source_license,CC-BY-4.0,cc-by-4.0,license identifier lowercased,2026-09-17
records.csv,nmc-1706,source_license,CC-BY-4.0,cc-by-4.0,license identifier lowercased,2026-09-17
records.csv,nmc-1705,source_license,CC-BY-4.0,cc-by-4.0,license identifier lowercased,2026-09-17
records.csv,nmc-0629,source_license,CC-BY-4.0,cc-by-4.0,license identifier lowercased,2026-09-17
records.csv,nmc-1652,source_license,CC-BY-4.0,cc-by-4.0,license identifier lowercased,2026-09-17
records.csv,nmc-1269,cell_type,full cell,half cell,half-cell rule: a Li metal or Li-In alloy counter electrode makes the cell a half cell; the paper's term kept in cell_type_as_reported,2026-09-17
records.csv,nmc-1269,source_license,CC-BY-4.0,cc-by-4.0,license identifier lowercased,2026-09-17
records.csv,nmc-1850,source_license,CC-BY-4.0,cc-by-4.0,license identifier lowercased,2026-09-17
records.csv,nmc-1851,source_license,CC-BY-4.0,cc-by-4.0,license identifier lowercased,2026-09-17
records.csv,nmc-1854,source_license,CC-BY-4.0,cc-by-4.0,license identifier lowercased,2026-09-17
records.csv,nmc-1853,source_license,CC-BY-4.0,cc-by-4.0,license identifier lowercased,2026-09-17
records.csv,nmc-1852,source_license,CC-BY-4.0,cc-by-4.0,license identifier lowercased,2026-09-17
records.csv,nmc-0572,source_license,CC-BY-4.0,cc-by-4.0,license identifier lowercased,2026-09-17
records.csv,nmc-0571,active_material_wt_pct,93,92.6,"decimal rule: electrode_ratio_raw explicitly gives a decimal wt% for the component, so the paper-stated decimal replaces the rounded whole-number extraction; paper: 'NMC 622: carbon black: Na-CMC: TRD 202A = 92.6:2.8:1.8:2.8'",2026-09-17
records.csv,nmc-0571,source_license,CC-BY-4.0,cc-by-4.0,license identifier lowercased,2026-09-17
records.csv,nmc-1801,source_license,CC-BY-4.0,cc-by-4.0,license identifier lowercased,2026-09-17
records.csv,nmc-1921,conductive_additive_wt_pct,0.1,1,"mixed scale: paper 'cathode composites were prepared by milling mixtures 7:2.9:0.1 by weight of NCM622, β-Li3PS4 or Li6PS5Cl and Super C65 carbon black'; ratio normalized to 100 by multiplying every part by 100/10 = 10 (AM 7 -> 70, SE 2.9 -> 29, CA 0.1 -> 1); AM had been scaled but CA had not",2026-09-17
records.csv,nmc-1921,source_license,CC-BY-4.0,cc-by-4.0,license identifier lowercased,2026-09-17
records.csv,nmc-1857,counter_electrode,Li0.5In,Li-In,Li-In variants normalized; papers establish an In-Li alloy counter electrode; the original wording is the old value in this log,2026-09-17
records.csv,nmc-1857,source_license,CC-BY-4.0,cc-by-4.0,license identifier lowercased,2026-09-17
records.csv,nmc-0188,source_license,CC-BY-4.0,cc-by-4.0,license identifier lowercased,2026-09-17
records.csv,nmc-1270,cell_type,full cell,half cell,half-cell rule: a Li metal or Li-In alloy counter electrode makes the cell a half cell; the paper's term kept in cell_type_as_reported,2026-09-17
records.csv,nmc-1270,source_license,CC-BY-4.0,cc-by-4.0,license identifier lowercased,2026-09-17
records.csv,nmc-1914,active_material_wt_pct,,90,"value omitted: paper 'NMC622 (1 g, 90 wt%), Super C65 (0.077 g, 7 wt%)'; for the PCL rows, PCL was introduced 'replacing half the amount of polyvinylidene difluoride (PVdF) binder', so the active fraction is unchanged; binder wt% not established and left empty",2026-09-17
records.csv,nmc-1914,electrode_ratio_raw,not_reported,"NMC622 (1 g, 90 wt%), Super C65 (0.077 g, 7 wt%), and 1.27 g of NMP solution (containing 3 wt% of PVdF)",raw evidence filled: paper wording that establishes active_material_wt_pct 90 and conductive_additive_wt_pct 7 for the reference cathode,2026-09-17
records.csv,nmc-1914,source_license,CC-BY-4.0,cc-by-4.0,license identifier lowercased,2026-09-17
records.csv,nmc-1121,source_license,CC-BY-4.0,cc-by-4.0,license identifier lowercased,2026-09-17
records.csv,nmc-1127,source_license,CC-BY-4.0,cc-by-4.0,license identifier lowercased,2026-09-17
records.csv,nmc-1103,source_license,CC-BY-4.0,cc-by-4.0,license identifier lowercased,2026-09-17
records.csv,nmc-1108,source_license,CC-BY-4.0,cc-by-4.0,license identifier lowercased,2026-09-17
records.csv,nmc-1502,source_license,CC-BY-4.0,cc-by-4.0,license identifier lowercased,2026-09-17
records.csv,nmc-1503,source_license,CC-BY-4.0,cc-by-4.0,license identifier lowercased,2026-09-17
records.csv,nmc-1504,source_license,CC-BY-4.0,cc-by-4.0,license identifier lowercased,2026-09-17
records.csv,nmc-1505,source_license,CC-BY-4.0,cc-by-4.0,license identifier lowercased,2026-09-17
records.csv,nmc-0609,source_license,CC-BY-4.0,cc-by-4.0,license identifier lowercased,2026-09-17
records.csv,nmc-0614,source_license,CC-BY-4.0,cc-by-4.0,license identifier lowercased,2026-09-17
records.csv,nmc-1537,source_license,CC-BY-4.0,cc-by-4.0,license identifier lowercased,2026-09-17
records.csv,nmc-1538,source_license,CC-BY-4.0,cc-by-4.0,license identifier lowercased,2026-09-17
records.csv,nmc-1536,source_license,CC-BY-4.0,cc-by-4.0,license identifier lowercased,2026-09-17
records.csv,nmc-1535,source_license,CC-BY-4.0,cc-by-4.0,license identifier lowercased,2026-09-17
records.csv,nmc-0023,cell_type,full cell,half cell,half-cell rule: a Li metal or Li-In alloy counter electrode makes the cell a half cell; the paper's term kept in cell_type_as_reported,2026-09-17
records.csv,nmc-0023,source_license,CC-BY-4.0,cc-by-4.0,license identifier lowercased,2026-09-17
records.csv,nmc-0025,cell_type,full cell,half cell,half-cell rule: a Li metal or Li-In alloy counter electrode makes the cell a half cell; the paper's term kept in cell_type_as_reported,2026-09-17
records.csv,nmc-0025,source_license,CC-BY-4.0,cc-by-4.0,license identifier lowercased,2026-09-17
records.csv,nmc-0032,cell_type,full cell,half cell,half-cell rule: a Li metal or Li-In alloy counter electrode makes the cell a half cell; the paper's term kept in cell_type_as_reported,2026-09-17
records.csv,nmc-0032,source_license,CC-BY-4.0,cc-by-4.0,license identifier lowercased,2026-09-17
records.csv,nmc-0187,source_license,CC-BY-4.0,cc-by-4.0,license identifier lowercased,2026-09-17
records.csv,nmc-1113,source_license,CC-BY-4.0,cc-by-4.0,license identifier lowercased,2026-09-17
records.csv,nmc-1115,source_license,CC-BY-4.0,cc-by-4.0,license identifier lowercased,2026-09-17
records.csv,nmc-0033,cell_type,full cell,half cell,half-cell rule: a Li metal or Li-In alloy counter electrode makes the cell a half cell; the paper's term kept in cell_type_as_reported,2026-09-17
records.csv,nmc-0033,source_license,CC-BY-4.0,cc-by-4.0,license identifier lowercased,2026-09-17
records.csv,nmc-1815,cell_type,full cell,half cell,half-cell rule: a Li metal or Li-In alloy counter electrode makes the cell a half cell; the paper's term kept in cell_type_as_reported,2026-09-17
records.csv,nmc-1815,source_license,CC-BY-4.0,cc-by-4.0,license identifier lowercased,2026-09-17
records.csv,nmc-1813,cell_type,full cell,half cell,half-cell rule: a Li metal or Li-In alloy counter electrode makes the cell a half cell; the paper's term kept in cell_type_as_reported,2026-09-17
records.csv,nmc-1813,source_license,CC-BY-4.0,cc-by-4.0,license identifier lowercased,2026-09-17
records.csv,nmc-1814,cell_type,full cell,half cell,half-cell rule: a Li metal or Li-In alloy counter electrode makes the cell a half cell; the paper's term kept in cell_type_as_reported,2026-09-17
records.csv,nmc-1814,source_license,CC-BY-4.0,cc-by-4.0,license identifier lowercased,2026-09-17
records.csv,nmc-0034,cell_type,full cell,half cell,half-cell rule: a Li metal or Li-In alloy counter electrode makes the cell a half cell; the paper's term kept in cell_type_as_reported,2026-09-17
records.csv,nmc-0034,source_license,CC-BY-4.0,cc-by-4.0,license identifier lowercased,2026-09-17
records.csv,nmc-0048,cell_type,full cell,half cell,half-cell rule: a Li metal or Li-In alloy counter electrode makes the cell a half cell; the paper's term kept in cell_type_as_reported,2026-09-17
records.csv,nmc-0048,source_license,CC-BY-4.0,cc-by-4.0,license identifier lowercased,2026-09-17
records.csv,nmc-1917,active_material_wt_pct,,90,"value omitted: paper 'NMC622 (1 g, 90 wt%), Super C65 (0.077 g, 7 wt%)'; for the PCL rows, PCL was introduced 'replacing half the amount of polyvinylidene difluoride (PVdF) binder', so the active fraction is unchanged; binder wt% not established and left empty",2026-09-17
records.csv,nmc-1917,electrode_ratio_raw,not_reported,"PCL cathode: 1.5 wt% of PCL-based star polymer was introduced into the cathode slurry upon electrode preparation, replacing half the amount of polyvinylidene difluoride (PVdF) binder; reference cathode: NMC622 (1 g, 90 wt%), Super C65 (0.077 g, 7 wt%), and 1.27 g of NMP solution (containing 3 wt% of PVdF) [note: 90 wt% active is stated for the reference cathode only; for the PCL cathode it is carried over from the statement that PCL replaces half the PVdF binder]",raw evidence filled: PCL formulation wording plus the reference-cathode wording; the note records that 90 wt% active is stated for the reference cathode and carried over to the PCL cathode,2026-09-17
records.csv,nmc-1917,source_license,CC-BY-4.0,cc-by-4.0,license identifier lowercased,2026-09-17
records.csv,nmc-1915,active_material_wt_pct,,90,"value omitted: paper 'NMC622 (1 g, 90 wt%), Super C65 (0.077 g, 7 wt%)'; for the PCL rows, PCL was introduced 'replacing half the amount of polyvinylidene difluoride (PVdF) binder', so the active fraction is unchanged; binder wt% not established and left empty",2026-09-17
records.csv,nmc-1915,electrode_ratio_raw,not_reported,"NMC622 (1 g, 90 wt%), Super C65 (0.077 g, 7 wt%), and 1.27 g of NMP solution (containing 3 wt% of PVdF)",raw evidence filled: paper wording that establishes active_material_wt_pct 90 and conductive_additive_wt_pct 7 for the reference cathode,2026-09-17
records.csv,nmc-1915,source_license,CC-BY-4.0,cc-by-4.0,license identifier lowercased,2026-09-17
records.csv,nmc-1916,active_material_wt_pct,,90,"value omitted: paper 'NMC622 (1 g, 90 wt%), Super C65 (0.077 g, 7 wt%)'; for the PCL rows, PCL was introduced 'replacing half the amount of polyvinylidene difluoride (PVdF) binder', so the active fraction is unchanged; binder wt% not established and left empty",2026-09-17
records.csv,nmc-1916,electrode_ratio_raw,not_reported,"PCL cathode: 1.5 wt% of PCL-based star polymer was introduced into the cathode slurry upon electrode preparation, replacing half the amount of polyvinylidene difluoride (PVdF) binder; reference cathode: NMC622 (1 g, 90 wt%), Super C65 (0.077 g, 7 wt%), and 1.27 g of NMP solution (containing 3 wt% of PVdF) [note: 90 wt% active is stated for the reference cathode only; for the PCL cathode it is carried over from the statement that PCL replaces half the PVdF binder]",raw evidence filled: PCL formulation wording plus the reference-cathode wording; the note records that 90 wt% active is stated for the reference cathode and carried over to the PCL cathode,2026-09-17
records.csv,nmc-1916,source_license,CC-BY-4.0,cc-by-4.0,license identifier lowercased,2026-09-17
records.csv,nmc-1117,source_license,CC-BY-4.0,cc-by-4.0,license identifier lowercased,2026-09-17
records.csv,nmc-1119,source_license,CC-BY-4.0,cc-by-4.0,license identifier lowercased,2026-09-17
records.csv,nmc-1542,source_license,CC-BY-4.0,cc-by-4.0,license identifier lowercased,2026-09-17
records.csv,nmc-1541,source_license,CC-BY-4.0,cc-by-4.0,license identifier lowercased,2026-09-17
records.csv,nmc-1540,source_license,CC-BY-4.0,cc-by-4.0,license identifier lowercased,2026-09-17
records.csv,nmc-1539,source_license,CC-BY-4.0,cc-by-4.0,license identifier lowercased,2026-09-17
records.csv,nmc-1848,cell_type,full cell,half cell,half-cell rule: a Li metal or Li-In alloy counter electrode makes the cell a half cell; the paper's term kept in cell_type_as_reported,2026-09-17
records.csv,nmc-1848,source_license,CC-BY-4.0,cc-by-4.0,license identifier lowercased,2026-09-17
records.csv,nmc-1399,source_license,CC-BY-4.0,cc-by-4.0,license identifier lowercased,2026-09-17
records.csv,nmc-1396,source_license,CC-BY-4.0,cc-by-4.0,license identifier lowercased,2026-09-17
records.csv,nmc-1408,source_license,CC-BY-4.0,cc-by-4.0,license identifier lowercased,2026-09-17
records.csv,nmc-1404,source_license,CC-BY-4.0,cc-by-4.0,license identifier lowercased,2026-09-17
records.csv,nmc-1410,source_license,CC-BY-4.0,cc-by-4.0,license identifier lowercased,2026-09-17
records.csv,nmc-1409,source_license,CC-BY-4.0,cc-by-4.0,license identifier lowercased,2026-09-17
records.csv,nmc-1398,source_license,CC-BY-4.0,cc-by-4.0,license identifier lowercased,2026-09-17
records.csv,nmc-1395,source_license,CC-BY-4.0,cc-by-4.0,license identifier lowercased,2026-09-17
records.csv,nmc-1403,source_license,CC-BY-4.0,cc-by-4.0,license identifier lowercased,2026-09-17
records.csv,nmc-1397,source_license,CC-BY-4.0,cc-by-4.0,license identifier lowercased,2026-09-17
records.csv,nmc-1394,source_license,CC-BY-4.0,cc-by-4.0,license identifier lowercased,2026-09-17
records.csv,nmc-1405,source_license,CC-BY-4.0,cc-by-4.0,license identifier lowercased,2026-09-17
records.csv,nmc-0650,source_license,CC-BY-4.0,cc-by-4.0,license identifier lowercased,2026-09-17
records.csv,nmc-1406,source_license,CC-BY-4.0,cc-by-4.0,license identifier lowercased,2026-09-17
records.csv,nmc-0649,source_license,CC-BY-4.0,cc-by-4.0,license identifier lowercased,2026-09-17
records.csv,nmc-1586,cell_type,full cell,half cell,half-cell rule: a Li metal or Li-In alloy counter electrode makes the cell a half cell; the paper's term kept in cell_type_as_reported,2026-09-17
records.csv,nmc-1586,source_license,CC-BY-4.0,cc-by-4.0,license identifier lowercased,2026-09-17
records.csv,nmc-1587,cell_type,full cell,half cell,half-cell rule: a Li metal or Li-In alloy counter electrode makes the cell a half cell; the paper's term kept in cell_type_as_reported,2026-09-17
records.csv,nmc-1587,source_license,CC-BY-4.0,cc-by-4.0,license identifier lowercased,2026-09-17
records.csv,nmc-1582,source_license,CC-BY-4.0,cc-by-4.0,license identifier lowercased,2026-09-17
records.csv,nmc-1583,source_license,CC-BY-4.0,cc-by-4.0,license identifier lowercased,2026-09-17
records.csv,nmc-1584,source_license,CC-BY-4.0,cc-by-4.0,license identifier lowercased,2026-09-17
records.csv,nmc-1585,source_license,CC-BY-4.0,cc-by-4.0,license identifier lowercased,2026-09-17
records.csv,nmc-0194,source_license,CC-BY-4.0,cc-by-4.0,license identifier lowercased,2026-09-17
records.csv,nmc-0020,source_license,CC-BY-4.0,cc-by-4.0,license identifier lowercased,2026-09-17
records.csv,nmc-0019,source_license,CC-BY-4.0,cc-by-4.0,license identifier lowercased,2026-09-17
records.csv,nmc-0193,source_license,CC-BY-4.0,cc-by-4.0,license identifier lowercased,2026-09-17
records.csv,nmc-0339,source_license,CC-BY-4.0,cc-by-4.0,license identifier lowercased,2026-09-17
records.csv,nmc-0343,source_license,CC-BY-4.0,cc-by-4.0,license identifier lowercased,2026-09-17
records.csv,nmc-0211,source_license,CC-BY-4.0,cc-by-4.0,license identifier lowercased,2026-09-17
records.csv,nmc-0212,source_license,CC-BY-4.0,cc-by-4.0,license identifier lowercased,2026-09-17
records.csv,nmc-0216,source_license,CC-BY-4.0,cc-by-4.0,license identifier lowercased,2026-09-17
records.csv,nmc-0215,source_license,CC-BY-4.0,cc-by-4.0,license identifier lowercased,2026-09-17
records.csv,nmc-0214,source_license,CC-BY-4.0,cc-by-4.0,license identifier lowercased,2026-09-17
records.csv,nmc-0213,source_license,CC-BY-4.0,cc-by-4.0,license identifier lowercased,2026-09-17
records.csv,nmc-0390,cell_type,full cell,half cell,half-cell rule: a Li metal or Li-In alloy counter electrode makes the cell a half cell; the paper's term kept in cell_type_as_reported,2026-09-17
records.csv,nmc-0390,source_license,CC-BY-4.0,cc-by-4.0,license identifier lowercased,2026-09-17
records.csv,nmc-0340,source_license,CC-BY-4.0,cc-by-4.0,license identifier lowercased,2026-09-17
records.csv,nmc-0344,source_license,CC-BY-4.0,cc-by-4.0,license identifier lowercased,2026-09-17
records.csv,nmc-1341,counter_electrode,In-Li alloy,Li-In,Li-In variants normalized; papers establish an In-Li alloy counter electrode; the original wording is the old value in this log,2026-09-17
records.csv,nmc-1341,source_license,CC-BY-4.0,cc-by-4.0,license identifier lowercased,2026-09-17
records.csv,nmc-1469,source_license,CC-BY-4.0,cc-by-4.0,license identifier lowercased,2026-09-17
records.csv,nmc-1470,source_license,CC-BY-4.0,cc-by-4.0,license identifier lowercased,2026-09-17
records.csv,nmc-0341,source_license,CC-BY-4.0,cc-by-4.0,license identifier lowercased,2026-09-17
records.csv,nmc-0345,source_license,CC-BY-4.0,cc-by-4.0,license identifier lowercased,2026-09-17
records.csv,nmc-0342,source_license,CC-BY-4.0,cc-by-4.0,license identifier lowercased,2026-09-17
records.csv,nmc-0622,cell_type,full cell,half cell,half-cell rule: a Li metal or Li-In alloy counter electrode makes the cell a half cell; the paper's term kept in cell_type_as_reported,2026-09-17
records.csv,nmc-0622,source_license,CC-BY-4.0,cc-by-4.0,license identifier lowercased,2026-09-17
records.csv,nmc-0346,source_license,CC-BY-4.0,cc-by-4.0,license identifier lowercased,2026-09-17
records.csv,nmc-0167,source_license,CC-BY-4.0,cc-by-4.0,license identifier lowercased,2026-09-17
records.csv,nmc-0104,counter_electrode,In-Li alloy,Li-In,Li-In variants normalized; papers establish an In-Li alloy counter electrode; the original wording is the old value in this log,2026-09-17
records.csv,nmc-0104,cell_type,full cell,half cell,half-cell rule: a Li metal or Li-In alloy counter electrode makes the cell a half cell; the paper's term kept in cell_type_as_reported,2026-09-17
records.csv,nmc-0104,source_license,CC-BY-4.0,cc-by-4.0,license identifier lowercased,2026-09-17
records.csv,nmc-0102,counter_electrode,In-Li alloy,Li-In,Li-In variants normalized; papers establish an In-Li alloy counter electrode; the original wording is the old value in this log,2026-09-17
records.csv,nmc-0102,cell_type,full cell,half cell,half-cell rule: a Li metal or Li-In alloy counter electrode makes the cell a half cell; the paper's term kept in cell_type_as_reported,2026-09-17
records.csv,nmc-0102,source_license,CC-BY-4.0,cc-by-4.0,license identifier lowercased,2026-09-17
records.csv,nmc-0100,counter_electrode,In-Li alloy,Li-In,Li-In variants normalized; papers establish an In-Li alloy counter electrode; the original wording is the old value in this log,2026-09-17
records.csv,nmc-0100,cell_type,full cell,half cell,half-cell rule: a Li metal or Li-In alloy counter electrode makes the cell a half cell; the paper's term kept in cell_type_as_reported,2026-09-17
records.csv,nmc-0100,source_license,CC-BY-4.0,cc-by-4.0,license identifier lowercased,2026-09-17
records.csv,nmc-0098,counter_electrode,In-Li alloy,Li-In,Li-In variants normalized; papers establish an In-Li alloy counter electrode; the original wording is the old value in this log,2026-09-17
records.csv,nmc-0098,cell_type,full cell,half cell,half-cell rule: a Li metal or Li-In alloy counter electrode makes the cell a half cell; the paper's term kept in cell_type_as_reported,2026-09-17
records.csv,nmc-0098,source_license,CC-BY-4.0,cc-by-4.0,license identifier lowercased,2026-09-17
records.csv,nmc-0096,counter_electrode,In-Li alloy,Li-In,Li-In variants normalized; papers establish an In-Li alloy counter electrode; the original wording is the old value in this log,2026-09-17
records.csv,nmc-0096,cell_type,full cell,half cell,half-cell rule: a Li metal or Li-In alloy counter electrode makes the cell a half cell; the paper's term kept in cell_type_as_reported,2026-09-17
records.csv,nmc-0096,source_license,CC-BY-4.0,cc-by-4.0,license identifier lowercased,2026-09-17
records.csv,nmc-0384,cell_type,full cell,half cell,half-cell rule: a Li metal or Li-In alloy counter electrode makes the cell a half cell; the paper's term kept in cell_type_as_reported,2026-09-17
records.csv,nmc-0384,source_license,CC-BY-4.0,cc-by-4.0,license identifier lowercased,2026-09-17
records.csv,nmc-0173,source_license,CC-BY-4.0,cc-by-4.0,license identifier lowercased,2026-09-17
records.csv,nmc-0177,source_license,CC-BY-4.0,cc-by-4.0,license identifier lowercased,2026-09-17
records.csv,nmc-0182,source_license,CC-BY-4.0,cc-by-4.0,license identifier lowercased,2026-09-17
records.csv,nmc-0172,source_license,CC-BY-4.0,cc-by-4.0,license identifier lowercased,2026-09-17
records.csv,nmc-0364,cell_type,full cell,half cell,half-cell rule: a Li metal or Li-In alloy counter electrode makes the cell a half cell; the paper's term kept in cell_type_as_reported,2026-09-17
records.csv,nmc-0364,source_license,CC-BY-4.0,cc-by-4.0,license identifier lowercased,2026-09-17
records.csv,nmc-1097,source_license,CC-BY-4.0,cc-by-4.0,license identifier lowercased,2026-09-17
records.csv,nmc-0371,cell_type,full cell,half cell,half-cell rule: a Li metal or Li-In alloy counter electrode makes the cell a half cell; the paper's term kept in cell_type_as_reported,2026-09-17
records.csv,nmc-0371,source_license,CC-BY-4.0,cc-by-4.0,license identifier lowercased,2026-09-17
records.csv,nmc-1271,cell_type,full cell,half cell,half-cell rule: a Li metal or Li-In alloy counter electrode makes the cell a half cell; the paper's term kept in cell_type_as_reported,2026-09-17
records.csv,nmc-1271,source_license,CC-BY-4.0,cc-by-4.0,license identifier lowercased,2026-09-17
records.csv,nmc-1099,source_license,CC-BY-4.0,cc-by-4.0,license identifier lowercased,2026-09-17
records.csv,nmc-1278,source_license,CC-BY-4.0,cc-by-4.0,license identifier lowercased,2026-09-17
records.csv,nmc-1277,source_license,CC-BY-4.0,cc-by-4.0,license identifier lowercased,2026-09-17
records.csv,nmc-0788,source_license,CC-BY-4.0,cc-by-4.0,license identifier lowercased,2026-09-17
records.csv,nmc-0790,source_license,CC-BY-4.0,cc-by-4.0,license identifier lowercased,2026-09-17
records.csv,nmc-0273,source_license,CC-BY-4.0,cc-by-4.0,license identifier lowercased,2026-09-17
records.csv,nmc-0272,source_license,CC-BY-4.0,cc-by-4.0,license identifier lowercased,2026-09-17
records.csv,nmc-0271,source_license,CC-BY-4.0,cc-by-4.0,license identifier lowercased,2026-09-17
records.csv,nmc-0992,source_license,CC-BY-4.0,cc-by-4.0,license identifier lowercased,2026-09-17
records.csv,nmc-1273,cell_type,full cell,half cell,half-cell rule: a Li metal or Li-In alloy counter electrode makes the cell a half cell; the paper's term kept in cell_type_as_reported,2026-09-17
records.csv,nmc-1273,source_license,CC-BY-4.0,cc-by-4.0,license identifier lowercased,2026-09-17
records.csv,nmc-1366,cell_type,full cell,half cell,half-cell rule: a Li metal or Li-In alloy counter electrode makes the cell a half cell; the paper's term kept in cell_type_as_reported,2026-09-17
records.csv,nmc-1366,source_license,CC-BY-4.0,cc-by-4.0,license identifier lowercased,2026-09-17
records.csv,nmc-1000,source_license,CC-BY-4.0,cc-by-4.0,license identifier lowercased,2026-09-17
records.csv,nmc-0449,source_license,CC-BY-4.0,cc-by-4.0,license identifier lowercased,2026-09-17
records.csv,nmc-0450,source_license,CC-BY-4.0,cc-by-4.0,license identifier lowercased,2026-09-17
records.csv,nmc-0451,source_license,CC-BY-4.0,cc-by-4.0,license identifier lowercased,2026-09-17
records.csv,nmc-0452,source_license,CC-BY-4.0,cc-by-4.0,license identifier lowercased,2026-09-17
records.csv,nmc-0453,source_license,CC-BY-4.0,cc-by-4.0,license identifier lowercased,2026-09-17
records.csv,nmc-0313,source_license,CC-BY-4.0,cc-by-4.0,license identifier lowercased,2026-09-17
records.csv,nmc-1093,source_license,CC-BY-4.0,cc-by-4.0,license identifier lowercased,2026-09-17
records.csv,nmc-0137,source_license,CC-BY-4.0,cc-by-4.0,license identifier lowercased,2026-09-17
records.csv,nmc-0138,source_license,CC-BY-4.0,cc-by-4.0,license identifier lowercased,2026-09-17
records.csv,nmc-0914,source_license,CC-BY-4.0,cc-by-4.0,license identifier lowercased,2026-09-17
records.csv,nmc-0902,source_license,CC-BY-4.0,cc-by-4.0,license identifier lowercased,2026-09-17
records.csv,nmc-1095,source_license,CC-BY-4.0,cc-by-4.0,license identifier lowercased,2026-09-17
records.csv,nmc-0908,source_license,CC-BY-4.0,cc-by-4.0,license identifier lowercased,2026-09-17
records.csv,nmc-0890,source_license,CC-BY-4.0,cc-by-4.0,license identifier lowercased,2026-09-17
records.csv,nmc-0493,source_license,CC-BY-4.0,cc-by-4.0,license identifier lowercased,2026-09-17
records.csv,nmc-0491,source_license,CC-BY-4.0,cc-by-4.0,license identifier lowercased,2026-09-17
records.csv,nmc-0495,source_license,CC-BY-4.0,cc-by-4.0,license identifier lowercased,2026-09-17
records.csv,nmc-1229,source_license,CC-BY-4.0,cc-by-4.0,license identifier lowercased,2026-09-17
records.csv,nmc-1237,source_license,CC-BY-4.0,cc-by-4.0,license identifier lowercased,2026-09-17
records.csv,nmc-0847,source_license,CC-BY-4.0,cc-by-4.0,license identifier lowercased,2026-09-17
records.csv,nmc-0117,source_license,CC-BY-4.0,cc-by-4.0,license identifier lowercased,2026-09-17
records.csv,nmc-0002,conductive_additive_wt_pct,7,8,additive omitted: paper Table 2 groups Carbon Black and MWCNTs under 'Conductive Additive (wt%)' (88 / 8-x / x / 4); the stored value counted carbon black only; explicitly named conductive additives summed,2026-09-17
records.csv,nmc-0002,source_license,CC-BY-4.0,cc-by-4.0,license identifier lowercased,2026-09-17
records.csv,nmc-0001,source_license,CC-BY-4.0,cc-by-4.0,license identifier lowercased,2026-09-17
records.csv,nmc-0003,conductive_additive_wt_pct,6,8,additive omitted: paper Table 2 groups Carbon Black and MWCNTs under 'Conductive Additive (wt%)' (88 / 8-x / x / 4); the stored value counted carbon black only; explicitly named conductive additives summed,2026-09-17
records.csv,nmc-0003,source_license,CC-BY-4.0,cc-by-4.0,license identifier lowercased,2026-09-17
records.csv,nmc-0118,source_license,CC-BY-4.0,cc-by-4.0,license identifier lowercased,2026-09-17
records.csv,nmc-0119,source_license,CC-BY-4.0,cc-by-4.0,license identifier lowercased,2026-09-17
records.csv,nmc-0106,source_license,CC-BY-4.0,cc-by-4.0,license identifier lowercased,2026-09-17
records.csv,nmc-0105,source_license,CC-BY-4.0,cc-by-4.0,license identifier lowercased,2026-09-17
records.csv,nmc-0109,source_license,CC-BY-4.0,cc-by-4.0,license identifier lowercased,2026-09-17
records.csv,nmc-0108,source_license,CC-BY-4.0,cc-by-4.0,license identifier lowercased,2026-09-17
records.csv,nmc-0107,source_license,CC-BY-4.0,cc-by-4.0,license identifier lowercased,2026-09-17
records.csv,nmc-0110,source_license,CC-BY-4.0,cc-by-4.0,license identifier lowercased,2026-09-17
records.csv,nmc-1292,source_license,CC-BY-4.0,cc-by-4.0,license identifier lowercased,2026-09-17
records.csv,nmc-1290,source_license,CC-BY-4.0,cc-by-4.0,license identifier lowercased,2026-09-17
records.csv,nmc-1293,source_license,CC-BY-4.0,cc-by-4.0,license identifier lowercased,2026-09-17
records.csv,nmc-1224,source_license,CC-BY-4.0,cc-by-4.0,license identifier lowercased,2026-09-17
records.csv,nmc-1225,source_license,CC-BY-4.0,cc-by-4.0,license identifier lowercased,2026-09-17
records.csv,nmc-1367,cell_type,full cell,half cell,half-cell rule: a Li metal or Li-In alloy counter electrode makes the cell a half cell; the paper's term kept in cell_type_as_reported,2026-09-17
records.csv,nmc-1367,source_license,CC-BY-4.0,cc-by-4.0,license identifier lowercased,2026-09-17
records.csv,nmc-0454,source_license,CC-BY-4.0,cc-by-4.0,license identifier lowercased,2026-09-17
records.csv,nmc-0460,source_license,CC-BY-4.0,cc-by-4.0,license identifier lowercased,2026-09-17
records.csv,nmc-0849,source_license,CC-BY-4.0,cc-by-4.0,license identifier lowercased,2026-09-17
records.csv,nmc-0457,source_license,CC-BY-4.0,cc-by-4.0,license identifier lowercased,2026-09-17
records.csv,nmc-0794,source_license,CC-BY-4.0,cc-by-4.0,license identifier lowercased,2026-09-17
records.csv,nmc-0465,source_license,CC-BY-4.0,cc-by-4.0,license identifier lowercased,2026-09-17
records.csv,nmc-0793,source_license,CC-BY-4.0,cc-by-4.0,license identifier lowercased,2026-09-17
records.csv,nmc-0466,source_license,CC-BY-4.0,cc-by-4.0,license identifier lowercased,2026-09-17
records.csv,nmc-0791,source_license,CC-BY-4.0,cc-by-4.0,license identifier lowercased,2026-09-17
records.csv,nmc-0792,source_license,CC-BY-4.0,cc-by-4.0,license identifier lowercased,2026-09-17
records.csv,nmc-0620,cell_type,full cell,half cell,half-cell rule: a Li metal or Li-In alloy counter electrode makes the cell a half cell; the paper's term kept in cell_type_as_reported,2026-09-17
records.csv,nmc-0620,source_license,CC-BY-4.0,cc-by-4.0,license identifier lowercased,2026-09-17
records.csv,nmc-1450,source_license,CC-BY-4.0,cc-by-4.0,license identifier lowercased,2026-09-17
records.csv,nmc-1558,source_license,CC-BY-4.0,cc-by-4.0,license identifier lowercased,2026-09-17
records.csv,nmc-1557,source_license,CC-BY-4.0,cc-by-4.0,license identifier lowercased,2026-09-17
records.csv,nmc-1556,source_license,CC-BY-4.0,cc-by-4.0,license identifier lowercased,2026-09-17
records.csv,nmc-1555,source_license,CC-BY-4.0,cc-by-4.0,license identifier lowercased,2026-09-17
records.csv,nmc-1452,source_license,CC-BY-4.0,cc-by-4.0,license identifier lowercased,2026-09-17
records.csv,nmc-1451,source_license,CC-BY-4.0,cc-by-4.0,license identifier lowercased,2026-09-17
records.csv,nmc-0619,source_license,CC-BY-4.0,cc-by-4.0,license identifier lowercased,2026-09-17
records.csv,nmc-0635,source_license,CC-BY-4.0,cc-by-4.0,license identifier lowercased,2026-09-17
records.csv,nmc-1022,source_license,CC-BY-4.0,cc-by-4.0,license identifier lowercased,2026-09-17
records.csv,nmc-0633,source_license,CC-BY-4.0,cc-by-4.0,license identifier lowercased,2026-09-17
records.csv,nmc-0634,source_license,CC-BY-4.0,cc-by-4.0,license identifier lowercased,2026-09-17
records.csv,nmc-0768,source_license,CC-BY-4.0,cc-by-4.0,license identifier lowercased,2026-09-17
records.csv,nmc-0766,source_license,CC-BY-4.0,cc-by-4.0,license identifier lowercased,2026-09-17
records.csv,nmc-0770,source_license,CC-BY-4.0,cc-by-4.0,license identifier lowercased,2026-09-17
records.csv,nmc-1018,source_license,CC-BY-4.0,cc-by-4.0,license identifier lowercased,2026-09-17
records.csv,nmc-1190,source_license,CC-BY-4.0,cc-by-4.0,license identifier lowercased,2026-09-17
records.csv,nmc-1185,source_license,CC-BY-4.0,cc-by-4.0,license identifier lowercased,2026-09-17
records.csv,nmc-1183,source_license,CC-BY-4.0,cc-by-4.0,license identifier lowercased,2026-09-17
records.csv,nmc-1192,source_license,CC-BY-4.0,cc-by-4.0,license identifier lowercased,2026-09-17
records.csv,nmc-1187,source_license,CC-BY-4.0,cc-by-4.0,license identifier lowercased,2026-09-17
records.csv,nmc-1194,source_license,CC-BY-4.0,cc-by-4.0,license identifier lowercased,2026-09-17
records.csv,nmc-0779,source_license,CC-BY-4.0,cc-by-4.0,license identifier lowercased,2026-09-17
records.csv,nmc-0781,source_license,CC-BY-4.0,cc-by-4.0,license identifier lowercased,2026-09-17
records.csv,nmc-0785,source_license,CC-BY-4.0,cc-by-4.0,license identifier lowercased,2026-09-17
records.csv,nmc-0786,source_license,CC-BY-4.0,cc-by-4.0,license identifier lowercased,2026-09-17
records.csv,nmc-0777,source_license,CC-BY-4.0,cc-by-4.0,license identifier lowercased,2026-09-17
records.csv,nmc-0775,source_license,CC-BY-4.0,cc-by-4.0,license identifier lowercased,2026-09-17
records.csv,nmc-0358,source_license,CC-BY-4.0,cc-by-4.0,license identifier lowercased,2026-09-17
records.csv,nmc-0347,source_license,CC-BY-4.0,cc-by-4.0,license identifier lowercased,2026-09-17
records.csv,nmc-0355,source_license,CC-BY-4.0,cc-by-4.0,license identifier lowercased,2026-09-17
records.csv,nmc-0351,source_license,CC-BY-4.0,cc-by-4.0,license identifier lowercased,2026-09-17
records.csv,nmc-0217,source_license,CC-BY-4.0,cc-by-4.0,license identifier lowercased,2026-09-17
records.csv,nmc-0175,source_license,CC-BY-4.0,cc-by-4.0,license identifier lowercased,2026-09-17
records.csv,nmc-0359,source_license,CC-BY-4.0,cc-by-4.0,license identifier lowercased,2026-09-17
records.csv,nmc-0174,source_license,CC-BY-4.0,cc-by-4.0,license identifier lowercased,2026-09-17
records.csv,nmc-0348,source_license,CC-BY-4.0,cc-by-4.0,license identifier lowercased,2026-09-17
records.csv,nmc-0176,source_license,CC-BY-4.0,cc-by-4.0,license identifier lowercased,2026-09-17
records.csv,nmc-0356,source_license,CC-BY-4.0,cc-by-4.0,license identifier lowercased,2026-09-17
records.csv,nmc-0352,source_license,CC-BY-4.0,cc-by-4.0,license identifier lowercased,2026-09-17
records.csv,nmc-0935,cell_type,full cell,half cell,half-cell rule: a Li metal or Li-In alloy counter electrode makes the cell a half cell; the paper's term kept in cell_type_as_reported,2026-09-17
records.csv,nmc-0935,source_license,CC-BY-4.0,cc-by-4.0,license identifier lowercased,2026-09-17
records.csv,nmc-0937,cell_type,full cell,half cell,half-cell rule: a Li metal or Li-In alloy counter electrode makes the cell a half cell; the paper's term kept in cell_type_as_reported,2026-09-17
records.csv,nmc-0937,source_license,CC-BY-4.0,cc-by-4.0,license identifier lowercased,2026-09-17
records.csv,nmc-0940,cell_type,full cell,half cell,half-cell rule: a Li metal or Li-In alloy counter electrode makes the cell a half cell; the paper's term kept in cell_type_as_reported,2026-09-17
records.csv,nmc-0940,source_license,CC-BY-4.0,cc-by-4.0,license identifier lowercased,2026-09-17
records.csv,nmc-1245,cell_type,full cell,half cell,half-cell rule: a Li metal or Li-In alloy counter electrode makes the cell a half cell; the paper's term kept in cell_type_as_reported,2026-09-17
records.csv,nmc-1245,source_license,CC-BY-4.0,cc-by-4.0,license identifier lowercased,2026-09-17
records.csv,nmc-1002,source_license,CC-BY-4.0,cc-by-4.0,license identifier lowercased,2026-09-17
records.csv,nmc-0314,source_license,CC-BY-4.0,cc-by-4.0,license identifier lowercased,2026-09-17
records.csv,nmc-0915,source_license,CC-BY-4.0,cc-by-4.0,license identifier lowercased,2026-09-17
records.csv,nmc-1005,source_license,CC-BY-4.0,cc-by-4.0,license identifier lowercased,2026-09-17
records.csv,nmc-1003,source_license,CC-BY-4.0,cc-by-4.0,license identifier lowercased,2026-09-17
records.csv,nmc-0506,active_material_wt_pct,92,92.5,"decimal rule: electrode_ratio_raw explicitly gives a decimal wt% for the component, so the paper-stated decimal replaces the rounded whole-number extraction; paper: 'active materials, super P … and polyvinylidene fluoride in a weight ratio of 92.5:4.5:3'",2026-09-17
records.csv,nmc-0506,source_license,CC-BY-4.0,cc-by-4.0,license identifier lowercased,2026-09-17
records.csv,nmc-0507,active_material_wt_pct,92,92.5,"decimal rule: electrode_ratio_raw explicitly gives a decimal wt% for the component, so the paper-stated decimal replaces the rounded whole-number extraction; paper: 'active materials, super P … and polyvinylidene fluoride in a weight ratio of 92.5:4.5:3'",2026-09-17
records.csv,nmc-0507,source_license,CC-BY-4.0,cc-by-4.0,license identifier lowercased,2026-09-17
records.csv,nmc-0508,active_material_wt_pct,92,92.5,"decimal rule: electrode_ratio_raw explicitly gives a decimal wt% for the component, so the paper-stated decimal replaces the rounded whole-number extraction; paper: 'active materials, super P … and polyvinylidene fluoride in a weight ratio of 92.5:4.5:3'",2026-09-17
records.csv,nmc-0508,source_license,CC-BY-4.0,cc-by-4.0,license identifier lowercased,2026-09-17
records.csv,nmc-0509,active_material_wt_pct,92,92.5,"decimal rule: electrode_ratio_raw explicitly gives a decimal wt% for the component, so the paper-stated decimal replaces the rounded whole-number extraction; paper: 'active materials, super P … and polyvinylidene fluoride in a weight ratio of 92.5:4.5:3'",2026-09-17
records.csv,nmc-0509,source_license,CC-BY-4.0,cc-by-4.0,license identifier lowercased,2026-09-17
records.csv,nmc-0897,source_license,CC-BY-4.0,cc-by-4.0,license identifier lowercased,2026-09-17
records.csv,nmc-0909,source_license,CC-BY-4.0,cc-by-4.0,license identifier lowercased,2026-09-17
records.csv,nmc-1004,source_license,CC-BY-4.0,cc-by-4.0,license identifier lowercased,2026-09-17
records.csv,nmc-1006,source_license,CC-BY-4.0,cc-by-4.0,license identifier lowercased,2026-09-17
records.csv,nmc-0891,source_license,CC-BY-4.0,cc-by-4.0,license identifier lowercased,2026-09-17
records.csv,nmc-0903,source_license,CC-BY-4.0,cc-by-4.0,license identifier lowercased,2026-09-17
records.csv,nmc-1238,source_license,CC-BY-4.0,cc-by-4.0,license identifier lowercased,2026-09-17
records.csv,nmc-1033,source_license,CC-BY-4.0,cc-by-4.0,license identifier lowercased,2026-09-17
records.csv,nmc-1036,source_license,CC-BY-4.0,cc-by-4.0,license identifier lowercased,2026-09-17
records.csv,nmc-1035,source_license,CC-BY-4.0,cc-by-4.0,license identifier lowercased,2026-09-17
records.csv,nmc-1034,source_license,CC-BY-4.0,cc-by-4.0,license identifier lowercased,2026-09-17
records.csv,nmc-0510,active_material_wt_pct,92,92.5,"decimal rule: electrode_ratio_raw explicitly gives a decimal wt% for the component, so the paper-stated decimal replaces the rounded whole-number extraction; paper: 'active materials, super P … and polyvinylidene fluoride in a weight ratio of 92.5:4.5:3'",2026-09-17
records.csv,nmc-0510,source_license,CC-BY-4.0,cc-by-4.0,license identifier lowercased,2026-09-17
records.csv,nmc-0511,active_material_wt_pct,92,92.5,"decimal rule: electrode_ratio_raw explicitly gives a decimal wt% for the component, so the paper-stated decimal replaces the rounded whole-number extraction; paper: 'active materials, super P … and polyvinylidene fluoride in a weight ratio of 92.5:4.5:3'",2026-09-17
records.csv,nmc-0511,source_license,CC-BY-4.0,cc-by-4.0,license identifier lowercased,2026-09-17
records.csv,nmc-0512,active_material_wt_pct,92,92.5,"decimal rule: electrode_ratio_raw explicitly gives a decimal wt% for the component, so the paper-stated decimal replaces the rounded whole-number extraction; paper: 'active materials, super P … and polyvinylidene fluoride in a weight ratio of 92.5:4.5:3'",2026-09-17
records.csv,nmc-0512,source_license,CC-BY-4.0,cc-by-4.0,license identifier lowercased,2026-09-17
records.csv,nmc-0513,active_material_wt_pct,92,92.5,"decimal rule: electrode_ratio_raw explicitly gives a decimal wt% for the component, so the paper-stated decimal replaces the rounded whole-number extraction; paper: 'active materials, super P … and polyvinylidene fluoride in a weight ratio of 92.5:4.5:3'",2026-09-17
records.csv,nmc-0513,source_license,CC-BY-4.0,cc-by-4.0,license identifier lowercased,2026-09-17
records.csv,nmc-0936,cell_type,full cell,half cell,half-cell rule: a Li metal or Li-In alloy counter electrode makes the cell a half cell; the paper's term kept in cell_type_as_reported,2026-09-17
records.csv,nmc-0936,source_license,CC-BY-4.0,cc-by-4.0,license identifier lowercased,2026-09-17
records.csv,nmc-0939,cell_type,full cell,half cell,half-cell rule: a Li metal or Li-In alloy counter electrode makes the cell a half cell; the paper's term kept in cell_type_as_reported,2026-09-17
records.csv,nmc-0939,source_license,CC-BY-4.0,cc-by-4.0,license identifier lowercased,2026-09-17
records.csv,nmc-0938,cell_type,full cell,half cell,half-cell rule: a Li metal or Li-In alloy counter electrode makes the cell a half cell; the paper's term kept in cell_type_as_reported,2026-09-17
records.csv,nmc-0938,source_license,CC-BY-4.0,cc-by-4.0,license identifier lowercased,2026-09-17
records.csv,nmc-0941,cell_type,full cell,half cell,half-cell rule: a Li metal or Li-In alloy counter electrode makes the cell a half cell; the paper's term kept in cell_type_as_reported,2026-09-17
records.csv,nmc-0941,source_license,CC-BY-4.0,cc-by-4.0,license identifier lowercased,2026-09-17
records.csv,nmc-0360,source_license,CC-BY-4.0,cc-by-4.0,license identifier lowercased,2026-09-17
records.csv,nmc-0349,source_license,CC-BY-4.0,cc-by-4.0,license identifier lowercased,2026-09-17
records.csv,nmc-0357,source_license,CC-BY-4.0,cc-by-4.0,license identifier lowercased,2026-09-17
records.csv,nmc-0353,source_license,CC-BY-4.0,cc-by-4.0,license identifier lowercased,2026-09-17
records.csv,nmc-0086,source_license,CC-BY-4.0,cc-by-4.0,license identifier lowercased,2026-09-17
records.csv,nmc-0085,active_material_wt_pct,,99.8,"value omitted: paper 'electrodes containing 99.8 wt% NCM811 and only 0.2 wt% SWCNTs, acting as both conductive additive and binding agent'; binder left unchanged",2026-09-17
records.csv,nmc-0085,electrode_ratio_raw,not_reported,"electrodes containing 99.8 wt% NCM811 and only 0.2 wt% SWCNTs, acting as both conductive additive and binding agent",raw evidence filled: paper wording that establishes active_material_wt_pct 99.8 and conductive_additive_wt_pct 0.2,2026-09-17
records.csv,nmc-0085,source_license,CC-BY-4.0,cc-by-4.0,license identifier lowercased,2026-09-17
records.csv,nmc-0350,source_license,CC-BY-4.0,cc-by-4.0,license identifier lowercased,2026-09-17
records.csv,nmc-0354,source_license,CC-BY-4.0,cc-by-4.0,license identifier lowercased,2026-09-17
records.csv,nmc-0380,cell_type,full cell,half cell,half-cell rule: a Li metal or Li-In alloy counter electrode makes the cell a half cell; the paper's term kept in cell_type_as_reported,2026-09-17
records.csv,nmc-0380,source_license,CC-BY-4.0,cc-by-4.0,license identifier lowercased,2026-09-17
records.csv,nmc-1101,source_license,CC-BY-4.0,cc-by-4.0,license identifier lowercased,2026-09-17
records.csv,nmc-1100,source_license,CC-BY-4.0,cc-by-4.0,license identifier lowercased,2026-09-17
records.csv,nmc-0383,cell_type,full cell,half cell,half-cell rule: a Li metal or Li-In alloy counter electrode makes the cell a half cell; the paper's term kept in cell_type_as_reported,2026-09-17
records.csv,nmc-0383,source_license,CC-BY-4.0,cc-by-4.0,license identifier lowercased,2026-09-17
records.csv,nmc-1281,source_license,CC-BY-4.0,cc-by-4.0,license identifier lowercased,2026-09-17
records.csv,nmc-0993,source_license,CC-BY-4.0,cc-by-4.0,license identifier lowercased,2026-09-17
records.csv,nmc-1490,source_license,CC-BY-4.0,cc-by-4.0,license identifier lowercased,2026-09-17
records.csv,nmc-1491,source_license,CC-BY-4.0,cc-by-4.0,license identifier lowercased,2026-09-17
records.csv,nmc-0315,source_license,CC-BY-4.0,cc-by-4.0,license identifier lowercased,2026-09-17
records.csv,nmc-1492,source_license,CC-BY-4.0,cc-by-4.0,license identifier lowercased,2026-09-17
records.csv,nmc-1493,source_license,CC-BY-4.0,cc-by-4.0,license identifier lowercased,2026-09-17
records.csv,nmc-0916,source_license,CC-BY-4.0,cc-by-4.0,license identifier lowercased,2026-09-17
records.csv,nmc-0898,source_license,CC-BY-4.0,cc-by-4.0,license identifier lowercased,2026-09-17
records.csv,nmc-0910,source_license,CC-BY-4.0,cc-by-4.0,license identifier lowercased,2026-09-17
records.csv,nmc-0904,source_license,CC-BY-4.0,cc-by-4.0,license identifier lowercased,2026-09-17
records.csv,nmc-0892,source_license,CC-BY-4.0,cc-by-4.0,license identifier lowercased,2026-09-17
records.csv,nmc-1494,source_license,CC-BY-4.0,cc-by-4.0,license identifier lowercased,2026-09-17
records.csv,nmc-1239,source_license,CC-BY-4.0,cc-by-4.0,license identifier lowercased,2026-09-17
records.csv,nmc-1288,source_license,CC-BY-4.0,cc-by-4.0,license identifier lowercased,2026-09-17
records.csv,nmc-1287,source_license,CC-BY-4.0,cc-by-4.0,license identifier lowercased,2026-09-17
records.csv,nmc-0850,source_license,CC-BY-4.0,cc-by-4.0,license identifier lowercased,2026-09-17
records.csv,nmc-1218,source_license,CC-BY-4.0,cc-by-4.0,license identifier lowercased,2026-09-17
records.csv,nmc-1219,source_license,CC-BY-4.0,cc-by-4.0,license identifier lowercased,2026-09-17
records.csv,nmc-0007,conductive_additive_wt_pct,7,8,additive omitted: paper Table 2 groups Carbon Black and MWCNTs under 'Conductive Additive (wt%)' (88 / 8-x / x / 4); the stored value counted carbon black only; explicitly named conductive additives summed,2026-09-17
records.csv,nmc-0007,source_license,CC-BY-4.0,cc-by-4.0,license identifier lowercased,2026-09-17
records.csv,nmc-1289,source_license,CC-BY-4.0,cc-by-4.0,license identifier lowercased,2026-09-17
records.csv,nmc-0518,active_material_wt_pct,92,92.5,"decimal rule: electrode_ratio_raw explicitly gives a decimal wt% for the component, so the paper-stated decimal replaces the rounded whole-number extraction; paper: 'active materials, super P … and polyvinylidene fluoride in a weight ratio of 92.5:4.5:3'",2026-09-17
records.csv,nmc-0518,source_license,CC-BY-4.0,cc-by-4.0,license identifier lowercased,2026-09-17
records.csv,nmc-0517,active_material_wt_pct,92,92.5,"decimal rule: electrode_ratio_raw explicitly gives a decimal wt% for the component, so the paper-stated decimal replaces the rounded whole-number extraction; paper: 'active materials, super P … and polyvinylidene fluoride in a weight ratio of 92.5:4.5:3'",2026-09-17
records.csv,nmc-0517,source_license,CC-BY-4.0,cc-by-4.0,license identifier lowercased,2026-09-17
records.csv,nmc-1207,source_license,CC-BY-4.0,cc-by-4.0,license identifier lowercased,2026-09-17
records.csv,nmc-1208,source_license,CC-BY-4.0,cc-by-4.0,license identifier lowercased,2026-09-17
records.csv,nmc-1202,source_license,CC-BY-4.0,cc-by-4.0,license identifier lowercased,2026-09-17
records.csv,nmc-1203,source_license,CC-BY-4.0,cc-by-4.0,license identifier lowercased,2026-09-17
records.csv,nmc-1204,source_license,CC-BY-4.0,cc-by-4.0,license identifier lowercased,2026-09-17
records.csv,nmc-0455,source_license,CC-BY-4.0,cc-by-4.0,license identifier lowercased,2026-09-17
records.csv,nmc-0458,source_license,CC-BY-4.0,cc-by-4.0,license identifier lowercased,2026-09-17
records.csv,nmc-0806,source_license,CC-BY-4.0,cc-by-4.0,license identifier lowercased,2026-09-17
records.csv,nmc-0805,source_license,CC-BY-4.0,cc-by-4.0,license identifier lowercased,2026-09-17
records.csv,nmc-0803,source_license,CC-BY-4.0,cc-by-4.0,license identifier lowercased,2026-09-17
records.csv,nmc-0804,source_license,CC-BY-4.0,cc-by-4.0,license identifier lowercased,2026-09-17
records.csv,nmc-0286,source_license,CC-BY-4.0,cc-by-4.0,license identifier lowercased,2026-09-17
records.csv,nmc-0287,source_license,CC-BY-4.0,cc-by-4.0,license identifier lowercased,2026-09-17
records.csv,nmc-1213,source_license,CC-BY-4.0,cc-by-4.0,license identifier lowercased,2026-09-17
records.csv,nmc-1212,source_license,CC-BY-4.0,cc-by-4.0,license identifier lowercased,2026-09-17
records.csv,nmc-0168,source_license,CC-BY-4.0,cc-by-4.0,license identifier lowercased,2026-09-17
records.csv,nmc-0169,source_license,CC-BY-4.0,cc-by-4.0,license identifier lowercased,2026-09-17
records.csv,nmc-1215,source_license,CC-BY-4.0,cc-by-4.0,license identifier lowercased,2026-09-17
records.csv,nmc-1217,source_license,CC-BY-4.0,cc-by-4.0,license identifier lowercased,2026-09-17
records.csv,nmc-0053,cell_type,full cell,half cell,half-cell rule: a Li metal or Li-In alloy counter electrode makes the cell a half cell; the paper's term kept in cell_type_as_reported,2026-09-17
records.csv,nmc-0053,source_license,CC-BY-4.0,cc-by-4.0,license identifier lowercased,2026-09-17
records.csv,nmc-0052,cell_type,full cell,half cell,half-cell rule: a Li metal or Li-In alloy counter electrode makes the cell a half cell; the paper's term kept in cell_type_as_reported,2026-09-17
records.csv,nmc-0052,source_license,CC-BY-4.0,cc-by-4.0,license identifier lowercased,2026-09-17
records.csv,nmc-0381,cell_type,full cell,half cell,half-cell rule: a Li metal or Li-In alloy counter electrode makes the cell a half cell; the paper's term kept in cell_type_as_reported,2026-09-17
records.csv,nmc-0381,source_license,CC-BY-4.0,cc-by-4.0,license identifier lowercased,2026-09-17
records.csv,nmc-0378,cell_type,full cell,half cell,half-cell rule: a Li metal or Li-In alloy counter electrode makes the cell a half cell; the paper's term kept in cell_type_as_reported,2026-09-17
records.csv,nmc-0378,source_license,CC-BY-4.0,cc-by-4.0,license identifier lowercased,2026-09-17
records.csv,nmc-0389,cell_type,full cell,half cell,half-cell rule: a Li metal or Li-In alloy counter electrode makes the cell a half cell; the paper's term kept in cell_type_as_reported,2026-09-17
records.csv,nmc-0389,source_license,CC-BY-4.0,cc-by-4.0,license identifier lowercased,2026-09-17
records.csv,nmc-0994,source_license,CC-BY-4.0,cc-by-4.0,license identifier lowercased,2026-09-17
records.csv,nmc-0532,source_license,CC-BY-4.0,cc-by-4.0,license identifier lowercased,2026-09-17
records.csv,nmc-0526,source_license,CC-BY-4.0,cc-by-4.0,license identifier lowercased,2026-09-17
records.csv,nmc-0316,source_license,CC-BY-4.0,cc-by-4.0,license identifier lowercased,2026-09-17
records.csv,nmc-0899,source_license,CC-BY-4.0,cc-by-4.0,license identifier lowercased,2026-09-17
records.csv,nmc-0911,source_license,CC-BY-4.0,cc-by-4.0,license identifier lowercased,2026-09-17
records.csv,nmc-0917,source_license,CC-BY-4.0,cc-by-4.0,license identifier lowercased,2026-09-17
records.csv,nmc-0905,source_license,CC-BY-4.0,cc-by-4.0,license identifier lowercased,2026-09-17
records.csv,nmc-0893,source_license,CC-BY-4.0,cc-by-4.0,license identifier lowercased,2026-09-17
records.csv,nmc-1243,source_license,CC-BY-4.0,cc-by-4.0,license identifier lowercased,2026-09-17
records.csv,nmc-1240,source_license,CC-BY-4.0,cc-by-4.0,license identifier lowercased,2026-09-17
records.csv,nmc-1037,source_license,CC-BY-4.0,cc-by-4.0,license identifier lowercased,2026-09-17
records.csv,nmc-1039,source_license,CC-BY-4.0,cc-by-4.0,license identifier lowercased,2026-09-17
records.csv,nmc-1040,source_license,CC-BY-4.0,cc-by-4.0,license identifier lowercased,2026-09-17
records.csv,nmc-1038,source_license,CC-BY-4.0,cc-by-4.0,license identifier lowercased,2026-09-17
records.csv,nmc-0141,source_license,CC-BY-4.0,cc-by-4.0,license identifier lowercased,2026-09-17
records.csv,nmc-0533,source_license,CC-BY-4.0,cc-by-4.0,license identifier lowercased,2026-09-17
records.csv,nmc-0527,source_license,CC-BY-4.0,cc-by-4.0,license identifier lowercased,2026-09-17
records.csv,nmc-0121,source_license,CC-BY-4.0,cc-by-4.0,license identifier lowercased,2026-09-17
records.csv,nmc-0851,source_license,CC-BY-4.0,cc-by-4.0,license identifier lowercased,2026-09-17
records.csv,nmc-1043,source_license,CC-BY-4.0,cc-by-4.0,license identifier lowercased,2026-09-17
records.csv,nmc-1044,source_license,CC-BY-4.0,cc-by-4.0,license identifier lowercased,2026-09-17
records.csv,nmc-1042,source_license,CC-BY-4.0,cc-by-4.0,license identifier lowercased,2026-09-17
records.csv,nmc-1041,source_license,CC-BY-4.0,cc-by-4.0,license identifier lowercased,2026-09-17
records.csv,nmc-0111,source_license,CC-BY-4.0,cc-by-4.0,license identifier lowercased,2026-09-17
records.csv,nmc-0114,source_license,CC-BY-4.0,cc-by-4.0,license identifier lowercased,2026-09-17
records.csv,nmc-0112,source_license,CC-BY-4.0,cc-by-4.0,license identifier lowercased,2026-09-17
records.csv,nmc-0115,source_license,CC-BY-4.0,cc-by-4.0,license identifier lowercased,2026-09-17
records.csv,nmc-0113,source_license,CC-BY-4.0,cc-by-4.0,license identifier lowercased,2026-09-17
records.csv,nmc-0116,source_license,CC-BY-4.0,cc-by-4.0,license identifier lowercased,2026-09-17
records.csv,nmc-1205,source_license,CC-BY-4.0,cc-by-4.0,license identifier lowercased,2026-09-17
records.csv,nmc-1206,source_license,CC-BY-4.0,cc-by-4.0,license identifier lowercased,2026-09-17
records.csv,nmc-0120,source_license,CC-BY-4.0,cc-by-4.0,license identifier lowercased,2026-09-17
records.csv,nmc-0998,source_license,CC-BY-4.0,cc-by-4.0,license identifier lowercased,2026-09-17
records.csv,nmc-0514,active_material_wt_pct,92,92.5,"decimal rule: electrode_ratio_raw explicitly gives a decimal wt% for the component, so the paper-stated decimal replaces the rounded whole-number extraction; paper: 'active materials, super P … and polyvinylidene fluoride in a weight ratio of 92.5:4.5:3'",2026-09-17
records.csv,nmc-0514,source_license,CC-BY-4.0,cc-by-4.0,license identifier lowercased,2026-09-17
records.csv,nmc-0516,active_material_wt_pct,92,92.5,"decimal rule: electrode_ratio_raw explicitly gives a decimal wt% for the component, so the paper-stated decimal replaces the rounded whole-number extraction; paper: 'active materials, super P … and polyvinylidene fluoride in a weight ratio of 92.5:4.5:3'",2026-09-17
records.csv,nmc-0516,source_license,CC-BY-4.0,cc-by-4.0,license identifier lowercased,2026-09-17
records.csv,nmc-0515,active_material_wt_pct,92,92.5,"decimal rule: electrode_ratio_raw explicitly gives a decimal wt% for the component, so the paper-stated decimal replaces the rounded whole-number extraction; paper: 'active materials, super P … and polyvinylidene fluoride in a weight ratio of 92.5:4.5:3'",2026-09-17
records.csv,nmc-0515,source_license,CC-BY-4.0,cc-by-4.0,license identifier lowercased,2026-09-17
records.csv,nmc-0528,source_license,CC-BY-4.0,cc-by-4.0,license identifier lowercased,2026-09-17
records.csv,nmc-0534,source_license,CC-BY-4.0,cc-by-4.0,license identifier lowercased,2026-09-17
records.csv,nmc-1447,source_license,CC-BY-4.0,cc-by-4.0,license identifier lowercased,2026-09-17
records.csv,nmc-1449,source_license,CC-BY-4.0,cc-by-4.0,license identifier lowercased,2026-09-17
records.csv,nmc-1448,source_license,CC-BY-4.0,cc-by-4.0,license identifier lowercased,2026-09-17
records.csv,nmc-0535,source_license,CC-BY-4.0,cc-by-4.0,license identifier lowercased,2026-09-17
records.csv,nmc-0529,source_license,CC-BY-4.0,cc-by-4.0,license identifier lowercased,2026-09-17
records.csv,nmc-1076,source_license,CC-BY-4.0,cc-by-4.0,license identifier lowercased,2026-09-17
records.csv,nmc-1075,source_license,CC-BY-4.0,cc-by-4.0,license identifier lowercased,2026-09-17
records.csv,nmc-1077,source_license,CC-BY-4.0,cc-by-4.0,license identifier lowercased,2026-09-17
records.csv,nmc-1074,source_license,CC-BY-4.0,cc-by-4.0,license identifier lowercased,2026-09-17
records.csv,nmc-0012,source_license,CC-BY-4.0,cc-by-4.0,license identifier lowercased,2026-09-17
records.csv,nmc-0011,source_license,CC-BY-4.0,cc-by-4.0,license identifier lowercased,2026-09-17
records.csv,nmc-0530,source_license,CC-BY-4.0,cc-by-4.0,license identifier lowercased,2026-09-17
records.csv,nmc-0536,source_license,CC-BY-4.0,cc-by-4.0,license identifier lowercased,2026-09-17
records.csv,nmc-1456,source_license,CC-BY-4.0,cc-by-4.0,license identifier lowercased,2026-09-17
records.csv,nmc-1458,source_license,CC-BY-4.0,cc-by-4.0,license identifier lowercased,2026-09-17
records.csv,nmc-1457,source_license,CC-BY-4.0,cc-by-4.0,license identifier lowercased,2026-09-17
records.csv,nmc-0771,source_license,CC-BY-4.0,cc-by-4.0,license identifier lowercased,2026-09-17
records.csv,nmc-0537,source_license,CC-BY-4.0,cc-by-4.0,license identifier lowercased,2026-09-17
records.csv,nmc-0014,source_license,CC-BY-4.0,cc-by-4.0,license identifier lowercased,2026-09-17
records.csv,nmc-0531,source_license,CC-BY-4.0,cc-by-4.0,license identifier lowercased,2026-09-17
records.csv,nmc-0772,source_license,CC-BY-4.0,cc-by-4.0,license identifier lowercased,2026-09-17
records.csv,nmc-0773,source_license,CC-BY-4.0,cc-by-4.0,license identifier lowercased,2026-09-17
records.csv,nmc-1088,source_license,CC-BY-4.0,cc-by-4.0,license identifier lowercased,2026-09-17
records.csv,nmc-1090,source_license,CC-BY-4.0,cc-by-4.0,license identifier lowercased,2026-09-17
records.csv,nmc-0642,source_license,CC-BY-4.0,cc-by-4.0,license identifier lowercased,2026-09-17
records.csv,nmc-0643,source_license,CC-BY-4.0,cc-by-4.0,license identifier lowercased,2026-09-17
records.csv,nmc-0641,source_license,CC-BY-4.0,cc-by-4.0,license identifier lowercased,2026-09-17
records.csv,nmc-1089,source_license,CC-BY-4.0,cc-by-4.0,license identifier lowercased,2026-09-17
records.csv,nmc-1091,source_license,CC-BY-4.0,cc-by-4.0,license identifier lowercased,2026-09-17
records.csv,nmc-0382,cell_type,full cell,half cell,half-cell rule: a Li metal or Li-In alloy counter electrode makes the cell a half cell; the paper's term kept in cell_type_as_reported,2026-09-17
records.csv,nmc-0382,source_license,CC-BY-4.0,cc-by-4.0,license identifier lowercased,2026-09-17
records.csv,nmc-0379,cell_type,full cell,half cell,half-cell rule: a Li metal or Li-In alloy counter electrode makes the cell a half cell; the paper's term kept in cell_type_as_reported,2026-09-17
records.csv,nmc-0379,source_license,CC-BY-4.0,cc-by-4.0,license identifier lowercased,2026-09-17
records.csv,nmc-0995,source_license,CC-BY-4.0,cc-by-4.0,license identifier lowercased,2026-09-17
records.csv,nmc-0996,source_license,CC-BY-4.0,cc-by-4.0,license identifier lowercased,2026-09-17
records.csv,nmc-1001,source_license,CC-BY-4.0,cc-by-4.0,license identifier lowercased,2026-09-17
records.csv,nmc-0461,source_license,CC-BY-4.0,cc-by-4.0,license identifier lowercased,2026-09-17
records.csv,nmc-0912,source_license,CC-BY-4.0,cc-by-4.0,license identifier lowercased,2026-09-17
records.csv,nmc-0317,source_license,CC-BY-4.0,cc-by-4.0,license identifier lowercased,2026-09-17
records.csv,nmc-0900,source_license,CC-BY-4.0,cc-by-4.0,license identifier lowercased,2026-09-17
records.csv,nmc-0906,source_license,CC-BY-4.0,cc-by-4.0,license identifier lowercased,2026-09-17
records.csv,nmc-0918,source_license,CC-BY-4.0,cc-by-4.0,license identifier lowercased,2026-09-17
records.csv,nmc-0894,source_license,CC-BY-4.0,cc-by-4.0,license identifier lowercased,2026-09-17
records.csv,nmc-1241,source_license,CC-BY-4.0,cc-by-4.0,license identifier lowercased,2026-09-17
records.csv,nmc-0462,source_license,CC-BY-4.0,cc-by-4.0,license identifier lowercased,2026-09-17
records.csv,nmc-0456,source_license,CC-BY-4.0,cc-by-4.0,license identifier lowercased,2026-09-17
records.csv,nmc-0999,source_license,CC-BY-4.0,cc-by-4.0,license identifier lowercased,2026-09-17
records.csv,nmc-0459,source_license,CC-BY-4.0,cc-by-4.0,license identifier lowercased,2026-09-17
records.csv,nmc-1455,source_license,CC-BY-4.0,cc-by-4.0,license identifier lowercased,2026-09-17
records.csv,nmc-1560,source_license,CC-BY-4.0,cc-by-4.0,license identifier lowercased,2026-09-17
records.csv,nmc-1559,source_license,CC-BY-4.0,cc-by-4.0,license identifier lowercased,2026-09-17
records.csv,nmc-0997,source_license,CC-BY-4.0,cc-by-4.0,license identifier lowercased,2026-09-17
records.csv,nmc-0913,source_license,CC-BY-4.0,cc-by-4.0,license identifier lowercased,2026-09-17
records.csv,nmc-0901,source_license,CC-BY-4.0,cc-by-4.0,license identifier lowercased,2026-09-17
records.csv,nmc-0907,source_license,CC-BY-4.0,cc-by-4.0,license identifier lowercased,2026-09-17
records.csv,nmc-0919,source_license,CC-BY-4.0,cc-by-4.0,license identifier lowercased,2026-09-17
records.csv,nmc-0895,source_license,CC-BY-4.0,cc-by-4.0,license identifier lowercased,2026-09-17
records.csv,nmc-1198,source_license,CC-BY-4.0,cc-by-4.0,license identifier lowercased,2026-09-17
records.csv,nmc-1199,source_license,CC-BY-4.0,cc-by-4.0,license identifier lowercased,2026-09-17
records.csv,nmc-1200,source_license,CC-BY-4.0,cc-by-4.0,license identifier lowercased,2026-09-17
records.csv,nmc-1201,source_license,CC-BY-4.0,cc-by-4.0,license identifier lowercased,2026-09-17
records.csv,nmc-0004,source_license,CC-BY-4.0,cc-by-4.0,license identifier lowercased,2026-09-17
records.csv,nmc-0005,conductive_additive_wt_pct,7,8,additive omitted: paper Table 2 groups Carbon Black and MWCNTs under 'Conductive Additive (wt%)' (88 / 8-x / x / 4); the stored value counted carbon black only; explicitly named conductive additives summed,2026-09-17
records.csv,nmc-0005,source_license,CC-BY-4.0,cc-by-4.0,license identifier lowercased,2026-09-17
records.csv,nmc-0006,conductive_additive_wt_pct,6,8,additive omitted: paper Table 2 groups Carbon Black and MWCNTs under 'Conductive Additive (wt%)' (88 / 8-x / x / 4); the stored value counted carbon black only; explicitly named conductive additives summed,2026-09-17
records.csv,nmc-0006,source_license,CC-BY-4.0,cc-by-4.0,license identifier lowercased,2026-09-17
records.csv,nmc-1472,source_license,CC-BY-4.0,cc-by-4.0,license identifier lowercased,2026-09-17
records.csv,nmc-1471,source_license,CC-BY-4.0,cc-by-4.0,license identifier lowercased,2026-09-17
records.csv,nmc-1272,cell_type,full cell,half cell,half-cell rule: a Li metal or Li-In alloy counter electrode makes the cell a half cell; the paper's term kept in cell_type_as_reported,2026-09-17
records.csv,nmc-1272,source_license,CC-BY-4.0,cc-by-4.0,license identifier lowercased,2026-09-17
records.csv,nmc-1604,active_material_wt_pct,92,92.5,"decimal rule: electrode_ratio_raw explicitly gives a decimal wt% for the component, so the paper-stated decimal replaces the rounded whole-number extraction; paper: 'LNO powder, Super C65 carbon black, and PVDF in the mass ratio 92.5: 4:3.5'",2026-09-17
records.csv,nmc-1604,source_license,CC-BY-4.0,cc-by-4.0,license identifier lowercased,2026-09-17
records.csv,nmc-1605,active_material_wt_pct,92,92.5,"decimal rule: electrode_ratio_raw explicitly gives a decimal wt% for the component, so the paper-stated decimal replaces the rounded whole-number extraction; paper: 'LNO powder, Super C65 carbon black, and PVDF in the mass ratio 92.5: 4:3.5'",2026-09-17
records.csv,nmc-1605,source_license,CC-BY-4.0,cc-by-4.0,license identifier lowercased,2026-09-17
records.csv,nmc-1606,active_material_wt_pct,92,92.5,"decimal rule: electrode_ratio_raw explicitly gives a decimal wt% for the component, so the paper-stated decimal replaces the rounded whole-number extraction; paper: 'LNO powder, Super C65 carbon black, and PVDF in the mass ratio 92.5: 4:3.5'",2026-09-17
records.csv,nmc-1606,source_license,CC-BY-4.0,cc-by-4.0,license identifier lowercased,2026-09-17
records.csv,nmc-1679,source_license,CC-BY-4.0,cc-by-4.0,license identifier lowercased,2026-09-17
records.csv,nmc-1966,source_license,CC-BY-4.0,cc-by-4.0,license identifier lowercased,2026-09-17
records.csv,nmc-1772,source_license,CC-BY-4.0,cc-by-4.0,license identifier lowercased,2026-09-17
records.csv,nmc-1477,source_license,CC-BY-4.0,cc-by-4.0,license identifier lowercased,2026-09-17
records.csv,nmc-1677,source_license,CC-BY-4.0,cc-by-4.0,license identifier lowercased,2026-09-17
records.csv,nmc-1773,source_license,CC-BY-4.0,cc-by-4.0,license identifier lowercased,2026-09-17
records.csv,nmc-1774,source_license,CC-BY-4.0,cc-by-4.0,license identifier lowercased,2026-09-17
records.csv,nmc-0991,source_license,CC-BY-4.0,cc-by-4.0,license identifier lowercased,2026-09-17
records.csv,nmc-1771,source_license,CC-BY-4.0,cc-by-4.0,license identifier lowercased,2026-09-17
records.csv,nmc-0985,source_license,CC-BY-4.0,cc-by-4.0,license identifier lowercased,2026-09-17
records.csv,nmc-0986,source_license,CC-BY-4.0,cc-by-4.0,license identifier lowercased,2026-09-17
records.csv,nmc-1082,source_license,CC-BY-4.0,cc-by-4.0,license identifier lowercased,2026-09-17
records.csv,nmc-0222,source_license,CC-BY-4.0,cc-by-4.0,license identifier lowercased,2026-09-17
records.csv,nmc-1618,source_license,CC-BY-4.0,cc-by-4.0,license identifier lowercased,2026-09-17
records.csv,nmc-0221,source_license,CC-BY-4.0,cc-by-4.0,license identifier lowercased,2026-09-17
records.csv,nmc-0220,source_license,CC-BY-4.0,cc-by-4.0,license identifier lowercased,2026-09-17
records.csv,nmc-1678,source_license,CC-BY-4.0,cc-by-4.0,license identifier lowercased,2026-09-17
records.csv,nmc-1680,source_license,CC-BY-4.0,cc-by-4.0,license identifier lowercased,2026-09-17
records.csv,nmc-1684,source_license,CC-BY-4.0,cc-by-4.0,license identifier lowercased,2026-09-17
records.csv,nmc-1473,source_license,CC-BY-4.0,cc-by-4.0,license identifier lowercased,2026-09-17
records.csv,nmc-0219,source_license,CC-BY-4.0,cc-by-4.0,license identifier lowercased,2026-09-17
records.csv,nmc-1776,source_license,CC-BY-4.0,cc-by-4.0,license identifier lowercased,2026-09-17
records.csv,nmc-1514,cell_type,not_reported,half cell,"half-cell rule: a Li metal or Li-In alloy counter electrode makes the cell a half cell; cell type was not reported, cell_type_as_reported keeps not_reported",2026-09-17
records.csv,nmc-1514,source_license,CC-BY-4.0,cc-by-4.0,license identifier lowercased,2026-09-17
records.csv,nmc-0226,source_license,CC-BY-4.0,cc-by-4.0,license identifier lowercased,2026-09-17
records.csv,nmc-1775,source_license,CC-BY-4.0,cc-by-4.0,license identifier lowercased,2026-09-17
records.csv,nmc-0225,source_license,CC-BY-4.0,cc-by-4.0,license identifier lowercased,2026-09-17
records.csv,nmc-1777,source_license,CC-BY-4.0,cc-by-4.0,license identifier lowercased,2026-09-17
records.csv,nmc-1553,source_license,CC-BY-4.0,cc-by-4.0,license identifier lowercased,2026-09-17
records.csv,nmc-1927,source_license,CC-BY-4.0,cc-by-4.0,license identifier lowercased,2026-09-17
records.csv,nmc-1929,cell_type,not_reported,half cell,"half-cell rule: a Li metal or Li-In alloy counter electrode makes the cell a half cell; cell type was not reported, cell_type_as_reported keeps not_reported",2026-09-17
records.csv,nmc-1929,source_license,CC-BY-4.0,cc-by-4.0,license identifier lowercased,2026-09-17
records.csv,nmc-0230,source_license,CC-BY-4.0,cc-by-4.0,license identifier lowercased,2026-09-17
records.csv,nmc-0224,source_license,CC-BY-4.0,cc-by-4.0,license identifier lowercased,2026-09-17
records.csv,nmc-0846,source_license,CC-BY-4.0,cc-by-4.0,license identifier lowercased,2026-09-17
records.csv,nmc-1928,cell_type,not_reported,half cell,"half-cell rule: a Li metal or Li-In alloy counter electrode makes the cell a half cell; cell type was not reported, cell_type_as_reported keeps not_reported",2026-09-17
records.csv,nmc-1928,source_license,CC-BY-4.0,cc-by-4.0,license identifier lowercased,2026-09-17
records.csv,nmc-1692,source_license,CC-BY-4.0,cc-by-4.0,license identifier lowercased,2026-09-17
records.csv,nmc-1697,source_license,CC-BY-4.0,cc-by-4.0,license identifier lowercased,2026-09-17
records.csv,nmc-0767,source_license,CC-BY-4.0,cc-by-4.0,license identifier lowercased,2026-09-17
records.csv,nmc-0774,source_license,CC-BY-4.0,cc-by-4.0,license identifier lowercased,2026-09-17
records.csv,nmc-1619,source_license,CC-BY-4.0,cc-by-4.0,license identifier lowercased,2026-09-17
records.csv,nmc-0852,source_license,CC-BY-4.0,cc-by-4.0,license identifier lowercased,2026-09-17
records.csv,nmc-0848,source_license,CC-BY-4.0,cc-by-4.0,license identifier lowercased,2026-09-17
records.csv,nmc-0776,source_license,CC-BY-4.0,cc-by-4.0,license identifier lowercased,2026-09-17
records.csv,nmc-0778,source_license,CC-BY-4.0,cc-by-4.0,license identifier lowercased,2026-09-17
records.csv,nmc-0861,source_license,CC-BY-4.0,cc-by-4.0,license identifier lowercased,2026-09-17
records.csv,nmc-1092,source_license,CC-BY-4.0,cc-by-4.0,license identifier lowercased,2026-09-17
records.csv,nmc-0769,source_license,CC-BY-4.0,cc-by-4.0,license identifier lowercased,2026-09-17
records.csv,nmc-0765,source_license,CC-BY-4.0,cc-by-4.0,license identifier lowercased,2026-09-17
records.csv,nmc-1011,source_license,CC-BY-4.0,cc-by-4.0,license identifier lowercased,2026-09-17
records.csv,nmc-0228,source_license,CC-BY-4.0,cc-by-4.0,license identifier lowercased,2026-09-17
records.csv,nmc-1809,cell_type,full cell,half cell,half-cell rule: a Li metal or Li-In alloy counter electrode makes the cell a half cell; the paper's term kept in cell_type_as_reported,2026-09-17
records.csv,nmc-1809,source_license,CC-BY-4.0,cc-by-4.0,license identifier lowercased,2026-09-17
records.csv,nmc-0229,source_license,CC-BY-4.0,cc-by-4.0,license identifier lowercased,2026-09-17
records.csv,nmc-1681,source_license,CC-BY-4.0,cc-by-4.0,license identifier lowercased,2026-09-17
records.csv,nmc-1695,source_license,CC-BY-4.0,cc-by-4.0,license identifier lowercased,2026-09-17
records.csv,nmc-1778,source_license,CC-BY-4.0,cc-by-4.0,license identifier lowercased,2026-09-17
records.csv,nmc-1010,source_license,CC-BY-4.0,cc-by-4.0,license identifier lowercased,2026-09-17
records.csv,nmc-0780,source_license,CC-BY-4.0,cc-by-4.0,license identifier lowercased,2026-09-17
records.csv,nmc-0787,source_license,CC-BY-4.0,cc-by-4.0,license identifier lowercased,2026-09-17
records.csv,nmc-0789,source_license,CC-BY-4.0,cc-by-4.0,license identifier lowercased,2026-09-17
records.csv,nmc-1563,source_license,CC-BY-4.0,cc-by-4.0,license identifier lowercased,2026-09-17
records.csv,nmc-1102,source_license,CC-BY-4.0,cc-by-4.0,license identifier lowercased,2026-09-17
records.csv,nmc-1045,source_license,CC-BY-4.0,cc-by-4.0,license identifier lowercased,2026-09-17
records.csv,nmc-0463,source_license,CC-BY-4.0,cc-by-4.0,license identifier lowercased,2026-09-17
records.csv,nmc-0464,source_license,CC-BY-4.0,cc-by-4.0,license identifier lowercased,2026-09-17
records.csv,nmc-1781,source_license,CC-BY-4.0,cc-by-4.0,license identifier lowercased,2026-09-17
records.csv,nmc-1070,source_license,CC-BY-4.0,cc-by-4.0,license identifier lowercased,2026-09-17
records.csv,nmc-1641,source_license,CC-BY-4.0,cc-by-4.0,license identifier lowercased,2026-09-17
records.csv,nmc-1009,source_license,CC-BY-4.0,cc-by-4.0,license identifier lowercased,2026-09-17
records.csv,nmc-1936,active_material_wt_pct,92,92.5,"decimal rule: electrode_ratio_raw explicitly gives a decimal wt% for the component, so the paper-stated decimal replaces the rounded whole-number extraction; paper: 'The cathodes consisted of 92.5 wt% CAM …, 4 wt% conductive carbon …, 3.5 wt% polyvinylidene-fluoride binder'",2026-09-17
records.csv,nmc-1936,source_license,CC-BY-4.0,cc-by-4.0,license identifier lowercased,2026-09-17
records.csv,nmc-1554,source_license,CC-BY-4.0,cc-by-4.0,license identifier lowercased,2026-09-17
records.csv,nmc-0589,source_license,CC-BY-4.0,cc-by-4.0,license identifier lowercased,2026-09-17
records.csv,nmc-1696,source_license,CC-BY-4.0,cc-by-4.0,license identifier lowercased,2026-09-17
records.csv,nmc-1501,source_license,CC-BY-4.0,cc-by-4.0,license identifier lowercased,2026-09-17
records.csv,nmc-1981,source_license,CC-BY-4.0,cc-by-4.0,license identifier lowercased,2026-09-17
records.csv,nmc-1934,cell_type,not_reported,half cell,"half-cell rule: a Li metal or Li-In alloy counter electrode makes the cell a half cell; cell type was not reported, cell_type_as_reported keeps not_reported",2026-09-17
records.csv,nmc-1934,source_license,CC-BY-4.0,cc-by-4.0,license identifier lowercased,2026-09-17
records.csv,nmc-0490,source_license,CC-BY-4.0,cc-by-4.0,license identifier lowercased,2026-09-17
records.csv,nmc-1263,source_license,CC-BY-4.0,cc-by-4.0,license identifier lowercased,2026-09-17
records.csv,nmc-1146,source_license,CC-BY-4.0,cc-by-4.0,license identifier lowercased,2026-09-17
records.csv,nmc-1685,source_license,CC-BY-4.0,cc-by-4.0,license identifier lowercased,2026-09-17
records.csv,nmc-0492,source_license,CC-BY-4.0,cc-by-4.0,license identifier lowercased,2026-09-17
records.csv,nmc-1779,source_license,CC-BY-4.0,cc-by-4.0,license identifier lowercased,2026-09-17
records.csv,nmc-1154,source_license,CC-BY-4.0,cc-by-4.0,license identifier lowercased,2026-09-17
records.csv,nmc-0363,source_license,CC-BY-4.0,cc-by-4.0,license identifier lowercased,2026-09-17
records.csv,nmc-0223,source_license,CC-BY-4.0,cc-by-4.0,license identifier lowercased,2026-09-17
records.csv,nmc-1094,source_license,CC-BY-4.0,cc-by-4.0,license identifier lowercased,2026-09-17
records.csv,nmc-1433,source_license,CC-BY-4.0,cc-by-4.0,license identifier lowercased,2026-09-17
records.csv,nmc-1738,source_license,CC-BY-4.0,cc-by-4.0,license identifier lowercased,2026-09-17
records.csv,nmc-1079,source_license,CC-BY-4.0,cc-by-4.0,license identifier lowercased,2026-09-17
records.csv,nmc-0494,source_license,CC-BY-4.0,cc-by-4.0,license identifier lowercased,2026-09-17
records.csv,nmc-1167,source_license,CC-BY-4.0,cc-by-4.0,license identifier lowercased,2026-09-17
records.csv,nmc-0721,source_license,CC-BY-4.0,cc-by-4.0,license identifier lowercased,2026-09-17
records.csv,nmc-1096,source_license,CC-BY-4.0,cc-by-4.0,license identifier lowercased,2026-09-17
records.csv,nmc-1782,source_license,CC-BY-4.0,cc-by-4.0,license identifier lowercased,2026-09-17
records.csv,nmc-0942,cell_type,full cell,half cell,half-cell rule: a Li metal or Li-In alloy counter electrode makes the cell a half cell; the paper's term kept in cell_type_as_reported,2026-09-17
records.csv,nmc-0942,source_license,CC-BY-4.0,cc-by-4.0,license identifier lowercased,2026-09-17
records.csv,nmc-1114,source_license,CC-BY-4.0,cc-by-4.0,license identifier lowercased,2026-09-17
records.csv,nmc-0603,source_license,CC-BY-4.0,cc-by-4.0,license identifier lowercased,2026-09-17
records.csv,nmc-1549,source_license,CC-BY-4.0,cc-by-4.0,license identifier lowercased,2026-09-17
records.csv,nmc-1168,source_license,CC-BY-4.0,cc-by-4.0,license identifier lowercased,2026-09-17
records.csv,nmc-1162,source_license,CC-BY-4.0,cc-by-4.0,license identifier lowercased,2026-09-17
records.csv,nmc-0291,cell_type,full cell,half cell,half-cell rule: a Li metal or Li-In alloy counter electrode makes the cell a half cell; the paper's term kept in cell_type_as_reported,2026-09-17
records.csv,nmc-0291,source_license,CC-BY-4.0,cc-by-4.0,license identifier lowercased,2026-09-17
records.csv,nmc-1147,source_license,CC-BY-4.0,cc-by-4.0,license identifier lowercased,2026-09-17
records.csv,nmc-0731,cell_type,not_reported,half cell,"half-cell rule: a Li metal or Li-In alloy counter electrode makes the cell a half cell; cell type was not reported, cell_type_as_reported keeps not_reported",2026-09-17
records.csv,nmc-0731,source_license,CC-BY-4.0,cc-by-4.0,license identifier lowercased,2026-09-17
records.csv,nmc-1550,source_license,CC-BY-4.0,cc-by-4.0,license identifier lowercased,2026-09-17
records.csv,nmc-1693,source_license,CC-BY-4.0,cc-by-4.0,license identifier lowercased,2026-09-17
records.csv,nmc-0854,source_license,CC-BY-4.0,cc-by-4.0,license identifier lowercased,2026-09-17
records.csv,nmc-0247,source_license,CC-BY-4.0,cc-by-4.0,license identifier lowercased,2026-09-17
records.csv,nmc-0636,source_license,CC-BY-4.0,cc-by-4.0,license identifier lowercased,2026-09-17
records.csv,nmc-0058,source_license,CC-BY-4.0,cc-by-4.0,license identifier lowercased,2026-09-17
records.csv,nmc-0538,source_license,CC-BY-4.0,cc-by-4.0,license identifier lowercased,2026-09-17
records.csv,nmc-1261,source_license,CC-BY-4.0,cc-by-4.0,license identifier lowercased,2026-09-17
records.csv,nmc-0989,source_license,CC-BY-4.0,cc-by-4.0,license identifier lowercased,2026-09-17
records.csv,nmc-1640,source_license,CC-BY-4.0,cc-by-4.0,license identifier lowercased,2026-09-17
records.csv,nmc-1642,source_license,CC-BY-4.0,cc-by-4.0,license identifier lowercased,2026-09-17
records.csv,nmc-1702,source_license,CC-BY-4.0,cc-by-4.0,license identifier lowercased,2026-09-17
records.csv,nmc-1027,source_license,CC-BY-4.0,cc-by-4.0,license identifier lowercased,2026-09-17
records.csv,nmc-1636,source_license,CC-BY-4.0,cc-by-4.0,license identifier lowercased,2026-09-17
records.csv,nmc-1639,source_license,CC-BY-4.0,cc-by-4.0,license identifier lowercased,2026-09-17
records.csv,nmc-1069,source_license,CC-BY-4.0,cc-by-4.0,license identifier lowercased,2026-09-17
records.csv,nmc-1500,source_license,CC-BY-4.0,cc-by-4.0,license identifier lowercased,2026-09-17
records.csv,nmc-0964,source_license,CC-BY-4.0,cc-by-4.0,license identifier lowercased,2026-09-17
records.csv,nmc-0290,cell_type,full cell,half cell,half-cell rule: a Li metal or Li-In alloy counter electrode makes the cell a half cell; the paper's term kept in cell_type_as_reported,2026-09-17
records.csv,nmc-0290,source_license,CC-BY-4.0,cc-by-4.0,license identifier lowercased,2026-09-17
records.csv,nmc-0598,source_license,CC-BY-4.0,cc-by-4.0,license identifier lowercased,2026-09-17
records.csv,nmc-1620,source_license,CC-BY-4.0,cc-by-4.0,license identifier lowercased,2026-09-17
records.csv,nmc-1416,source_license,CC-BY-4.0,cc-by-4.0,license identifier lowercased,2026-09-17
records.csv,nmc-0539,source_license,CC-BY-4.0,cc-by-4.0,license identifier lowercased,2026-09-17
records.csv,nmc-0963,source_license,CC-BY-4.0,cc-by-4.0,license identifier lowercased,2026-09-17
records.csv,nmc-0864,source_license,CC-BY-4.0,cc-by-4.0,license identifier lowercased,2026-09-17
records.csv,nmc-1051,source_license,CC-BY-4.0,cc-by-4.0,license identifier lowercased,2026-09-17
records.csv,nmc-0866,source_license,CC-BY-4.0,cc-by-4.0,license identifier lowercased,2026-09-17
records.csv,nmc-0597,source_license,CC-BY-4.0,cc-by-4.0,license identifier lowercased,2026-09-17
records.csv,nmc-0605,source_license,CC-BY-4.0,cc-by-4.0,license identifier lowercased,2026-09-17
records.csv,nmc-1169,source_license,CC-BY-4.0,cc-by-4.0,license identifier lowercased,2026-09-17
records.csv,nmc-1838,cell_type,full cell,half cell,half-cell rule: a Li metal or Li-In alloy counter electrode makes the cell a half cell; the paper's term kept in cell_type_as_reported,2026-09-17
records.csv,nmc-1838,source_license,CC-BY-4.0,cc-by-4.0,license identifier lowercased,2026-09-17
records.csv,nmc-1508,cell_type,not_reported,half cell,"half-cell rule: a Li metal or Li-In alloy counter electrode makes the cell a half cell; cell type was not reported, cell_type_as_reported keeps not_reported",2026-09-17
records.csv,nmc-1508,source_license,CC-BY-4.0,cc-by-4.0,license identifier lowercased,2026-09-17
records.csv,nmc-0540,source_license,CC-BY-4.0,cc-by-4.0,license identifier lowercased,2026-09-17
records.csv,nmc-1148,source_license,CC-BY-4.0,cc-by-4.0,license identifier lowercased,2026-09-17
records.csv,nmc-1840,cell_type,full cell,half cell,half-cell rule: a Li metal or Li-In alloy counter electrode makes the cell a half cell; the paper's term kept in cell_type_as_reported,2026-09-17
records.csv,nmc-1840,source_license,CC-BY-4.0,cc-by-4.0,license identifier lowercased,2026-09-17
records.csv,nmc-0830,source_license,CC-BY-4.0,cc-by-4.0,license identifier lowercased,2026-09-17
records.csv,nmc-0822,source_license,CC-BY-4.0,cc-by-4.0,license identifier lowercased,2026-09-17
records.csv,nmc-1516,cell_type,not_reported,half cell,"half-cell rule: a Li metal or Li-In alloy counter electrode makes the cell a half cell; cell type was not reported, cell_type_as_reported keeps not_reported",2026-09-17
records.csv,nmc-1516,source_license,CC-BY-4.0,cc-by-4.0,license identifier lowercased,2026-09-17
records.csv,nmc-1608,source_license,CC-BY-4.0,cc-by-4.0,license identifier lowercased,2026-09-17
records.csv,nmc-0062,source_license,CC-BY-4.0,cc-by-4.0,license identifier lowercased,2026-09-17
records.csv,nmc-0431,source_license,CC-BY-4.0,cc-by-4.0,license identifier lowercased,2026-09-17
records.csv,nmc-1007,source_license,CC-BY-4.0,cc-by-4.0,license identifier lowercased,2026-09-17
records.csv,nmc-1790,source_license,CC-BY-4.0,cc-by-4.0,license identifier lowercased,2026-09-17
records.csv,nmc-1795,source_license,CC-BY-4.0,cc-by-4.0,license identifier lowercased,2026-09-17
records.csv,nmc-0868,source_license,CC-BY-4.0,cc-by-4.0,license identifier lowercased,2026-09-17
records.csv,nmc-0328,source_license,CC-BY-4.0,cc-by-4.0,license identifier lowercased,2026-09-17
records.csv,nmc-0947,cell_type,full cell,half cell,half-cell rule: a Li metal or Li-In alloy counter electrode makes the cell a half cell; the paper's term kept in cell_type_as_reported,2026-09-17
records.csv,nmc-0947,source_license,CC-BY-4.0,cc-by-4.0,license identifier lowercased,2026-09-17
records.csv,nmc-1938,source_license,CC-BY-4.0,cc-by-4.0,license identifier lowercased,2026-09-17
records.csv,nmc-0601,source_license,CC-BY-4.0,cc-by-4.0,license identifier lowercased,2026-09-17
records.csv,nmc-1621,source_license,CC-BY-4.0,cc-by-4.0,license identifier lowercased,2026-09-17
records.csv,nmc-0319,source_license,CC-BY-4.0,cc-by-4.0,license identifier lowercased,2026-09-17
records.csv,nmc-1072,source_license,CC-BY-4.0,cc-by-4.0,license identifier lowercased,2026-09-17
records.csv,nmc-0807,source_license,CC-BY-4.0,cc-by-4.0,license identifier lowercased,2026-09-17
records.csv,nmc-1422,source_license,CC-BY-4.0,cc-by-4.0,license identifier lowercased,2026-09-17
records.csv,nmc-0103,counter_electrode,In-Li alloy,Li-In,Li-In variants normalized; papers establish an In-Li alloy counter electrode; the original wording is the old value in this log,2026-09-17
records.csv,nmc-0103,cell_type,full cell,half cell,half-cell rule: a Li metal or Li-In alloy counter electrode makes the cell a half cell; the paper's term kept in cell_type_as_reported,2026-09-17
records.csv,nmc-0103,source_license,CC-BY-4.0,cc-by-4.0,license identifier lowercased,2026-09-17
records.csv,nmc-1741,source_license,CC-BY-4.0,cc-by-4.0,license identifier lowercased,2026-09-17
records.csv,nmc-0637,source_license,CC-BY-4.0,cc-by-4.0,license identifier lowercased,2026-09-17
records.csv,nmc-1808,cell_type,full cell,half cell,half-cell rule: a Li metal or Li-In alloy counter electrode makes the cell a half cell; the paper's term kept in cell_type_as_reported,2026-09-17
records.csv,nmc-1808,source_license,CC-BY-4.0,cc-by-4.0,license identifier lowercased,2026-09-17
records.csv,nmc-1783,source_license,CC-BY-4.0,cc-by-4.0,license identifier lowercased,2026-09-17
records.csv,nmc-1519,cell_type,not_reported,half cell,"half-cell rule: a Li metal or Li-In alloy counter electrode makes the cell a half cell; cell type was not reported, cell_type_as_reported keeps not_reported",2026-09-17
records.csv,nmc-1519,source_license,CC-BY-4.0,cc-by-4.0,license identifier lowercased,2026-09-17
records.csv,nmc-1846,source_license,CC-BY-4.0,cc-by-4.0,license identifier lowercased,2026-09-17
records.csv,nmc-1426,source_license,CC-BY-4.0,cc-by-4.0,license identifier lowercased,2026-09-17
records.csv,nmc-0101,counter_electrode,In-Li alloy,Li-In,Li-In variants normalized; papers establish an In-Li alloy counter electrode; the original wording is the old value in this log,2026-09-17
records.csv,nmc-0101,cell_type,full cell,half cell,half-cell rule: a Li metal or Li-In alloy counter electrode makes the cell a half cell; the paper's term kept in cell_type_as_reported,2026-09-17
records.csv,nmc-0101,source_license,CC-BY-4.0,cc-by-4.0,license identifier lowercased,2026-09-17
records.csv,nmc-1056,source_license,CC-BY-4.0,cc-by-4.0,license identifier lowercased,2026-09-17
records.csv,nmc-0318,source_license,CC-BY-4.0,cc-by-4.0,license identifier lowercased,2026-09-17
records.csv,nmc-1242,source_license,CC-BY-4.0,cc-by-4.0,license identifier lowercased,2026-09-17
records.csv,nmc-0738,source_license,CC-BY-4.0,cc-by-4.0,license identifier lowercased,2026-09-17
records.csv,nmc-1071,source_license,CC-BY-4.0,cc-by-4.0,license identifier lowercased,2026-09-17
records.csv,nmc-0824,source_license,CC-BY-4.0,cc-by-4.0,license identifier lowercased,2026-09-17
records.csv,nmc-1529,cell_type,not_reported,half cell,"half-cell rule: a Li metal or Li-In alloy counter electrode makes the cell a half cell; cell type was not reported, cell_type_as_reported keeps not_reported",2026-09-17
records.csv,nmc-1529,source_license,CC-BY-4.0,cc-by-4.0,license identifier lowercased,2026-09-17
records.csv,nmc-1610,source_license,CC-BY-4.0,cc-by-4.0,license identifier lowercased,2026-09-17
records.csv,nmc-0365,cell_type,full cell,half cell,half-cell rule: a Li metal or Li-In alloy counter electrode makes the cell a half cell; the paper's term kept in cell_type_as_reported,2026-09-17
records.csv,nmc-0365,source_license,CC-BY-4.0,cc-by-4.0,license identifier lowercased,2026-09-17
records.csv,nmc-0210,source_license,CC-BY-4.0,cc-by-4.0,license identifier lowercased,2026-09-17
records.csv,nmc-1073,source_license,CC-BY-4.0,cc-by-4.0,license identifier lowercased,2026-09-17
records.csv,nmc-0231,conductive_additive_wt_pct,5,10,rule Σ: explicitly named conductive additives summed (super-P 5 + KS-6 5),2026-09-17
records.csv,nmc-0231,source_license,CC-BY-4.0,cc-by-4.0,license identifier lowercased,2026-09-17
records.csv,nmc-1116,source_license,CC-BY-4.0,cc-by-4.0,license identifier lowercased,2026-09-17
records.csv,nmc-0304,source_license,CC-BY-4.0,cc-by-4.0,license identifier lowercased,2026-09-17
records.csv,nmc-0306,source_license,CC-BY-4.0,cc-by-4.0,license identifier lowercased,2026-09-17
records.csv,nmc-0249,source_license,CC-BY-4.0,cc-by-4.0,license identifier lowercased,2026-09-17
records.csv,nmc-0832,source_license,CC-BY-4.0,cc-by-4.0,license identifier lowercased,2026-09-17
records.csv,nmc-1939,source_license,CC-BY-4.0,cc-by-4.0,license identifier lowercased,2026-09-17
records.csv,nmc-1509,cell_type,not_reported,half cell,"half-cell rule: a Li metal or Li-In alloy counter electrode makes the cell a half cell; cell type was not reported, cell_type_as_reported keeps not_reported",2026-09-17
records.csv,nmc-1509,source_license,CC-BY-4.0,cc-by-4.0,license identifier lowercased,2026-09-17
records.csv,nmc-1845,source_license,CC-BY-4.0,cc-by-4.0,license identifier lowercased,2026-09-17
records.csv,nmc-0293,cell_type,full cell,half cell,half-cell rule: a Li metal or Li-In alloy counter electrode makes the cell a half cell; the paper's term kept in cell_type_as_reported,2026-09-17
records.csv,nmc-0293,source_license,CC-BY-4.0,cc-by-4.0,license identifier lowercased,2026-09-17
records.csv,nmc-1257,cell_type,full cell,half cell,half-cell rule: a Li metal or Li-In alloy counter electrode makes the cell a half cell; the paper's term kept in cell_type_as_reported,2026-09-17
records.csv,nmc-1257,source_license,CC-BY-4.0,cc-by-4.0,license identifier lowercased,2026-09-17
records.csv,nmc-0725,cell_type,not_reported,half cell,"half-cell rule: a Li metal or Li-In alloy counter electrode makes the cell a half cell; cell type was not reported, cell_type_as_reported keeps not_reported",2026-09-17
records.csv,nmc-0725,source_license,CC-BY-4.0,cc-by-4.0,license identifier lowercased,2026-09-17
records.csv,nmc-0701,source_license,CC-BY-4.0,cc-by-4.0,license identifier lowercased,2026-09-17
records.csv,nmc-0968,source_license,CC-BY-4.0,cc-by-4.0,license identifier lowercased,2026-09-17
records.csv,nmc-0268,source_license,CC-BY-4.0,cc-by-4.0,license identifier lowercased,2026-09-17
records.csv,nmc-0896,source_license,CC-BY-4.0,cc-by-4.0,license identifier lowercased,2026-09-17
records.csv,nmc-1356,cell_type,not_reported,half cell,"half-cell rule: a Li metal or Li-In alloy counter electrode makes the cell a half cell; cell type was not reported, cell_type_as_reported keeps not_reported",2026-09-17
records.csv,nmc-1356,source_license,CC-BY-4.0,cc-by-4.0,license identifier lowercased,2026-09-17
records.csv,nmc-0556,source_license,CC-BY-4.0,cc-by-4.0,license identifier lowercased,2026-09-17
records.csv,nmc-0541,source_license,CC-BY-4.0,cc-by-4.0,license identifier lowercased,2026-09-17
records.csv,nmc-0059,source_license,CC-BY-4.0,cc-by-4.0,license identifier lowercased,2026-09-17
records.csv,nmc-1417,source_license,CC-BY-4.0,cc-by-4.0,license identifier lowercased,2026-09-17
records.csv,nmc-1432,source_license,CC-BY-4.0,cc-by-4.0,license identifier lowercased,2026-09-17
records.csv,nmc-1026,source_license,CC-BY-4.0,cc-by-4.0,license identifier lowercased,2026-09-17
records.csv,nmc-1967,cell_type,full cell,half cell,half-cell rule: a Li metal or Li-In alloy counter electrode makes the cell a half cell; the paper's term kept in cell_type_as_reported,2026-09-17
records.csv,nmc-1967,source_license,CC-BY-4.0,cc-by-4.0,license identifier lowercased,2026-09-17
records.csv,nmc-1972,cell_type,full cell,half cell,half-cell rule: a Li metal or Li-In alloy counter electrode makes the cell a half cell; the paper's term kept in cell_type_as_reported,2026-09-17
records.csv,nmc-1972,source_license,CC-BY-4.0,cc-by-4.0,license identifier lowercased,2026-09-17
records.csv,nmc-0967,source_license,CC-BY-4.0,cc-by-4.0,license identifier lowercased,2026-09-17
records.csv,nmc-0823,source_license,CC-BY-4.0,cc-by-4.0,license identifier lowercased,2026-09-17
records.csv,nmc-0232,conductive_additive_wt_pct,5,10,rule Σ: explicitly named conductive additives summed (super-P 5 + KS-6 5),2026-09-17
records.csv,nmc-0232,source_license,CC-BY-4.0,cc-by-4.0,license identifier lowercased,2026-09-17
records.csv,nmc-0808,source_license,CC-BY-4.0,cc-by-4.0,license identifier lowercased,2026-09-17
records.csv,nmc-0124,source_license,CC-BY-4.0,cc-by-4.0,license identifier lowercased,2026-09-17
records.csv,nmc-0447,source_license,CC-BY-4.0,cc-by-4.0,license identifier lowercased,2026-09-17
records.csv,nmc-0798,source_license,CC-BY-4.0,cc-by-4.0,license identifier lowercased,2026-09-17
records.csv,nmc-1357,cell_type,not_reported,half cell,"half-cell rule: a Li metal or Li-In alloy counter electrode makes the cell a half cell; cell type was not reported, cell_type_as_reported keeps not_reported",2026-09-17
records.csv,nmc-1357,source_license,CC-BY-4.0,cc-by-4.0,license identifier lowercased,2026-09-17
records.csv,nmc-0648,source_license,CC-BY-4.0,cc-by-4.0,license identifier lowercased,2026-09-17
records.csv,nmc-0013,source_license,CC-BY-4.0,cc-by-4.0,license identifier lowercased,2026-09-17
records.csv,nmc-1656,source_license,CC-BY-4.0,cc-by-4.0,license identifier lowercased,2026-09-17
records.csv,nmc-0825,source_license,CC-BY-4.0,cc-by-4.0,license identifier lowercased,2026-09-17
records.csv,nmc-1163,source_license,CC-BY-4.0,cc-by-4.0,license identifier lowercased,2026-09-17
records.csv,nmc-0743,source_license,CC-BY-4.0,cc-by-4.0,license identifier lowercased,2026-09-17
records.csv,nmc-1614,source_license,CC-BY-4.0,cc-by-4.0,license identifier lowercased,2026-09-17
records.csv,nmc-1057,source_license,CC-BY-4.0,cc-by-4.0,license identifier lowercased,2026-09-17
records.csv,nmc-0880,active_material_wt_pct,28,,"wrong formulation attached: values came from the Cl-cHBC/graphite hybrid anode (80 wt.% active, 10 wt.% Super C45, 10 wt.% PVDF); 'same procedure' does not establish a composition when the referenced procedure contains formulation details that may belong specifically to the anode, so the cathode composition is not established (28 was unsupported under any reading)",2026-09-17
records.csv,nmc-0880,conductive_additive_wt_pct,10,,"wrong formulation attached: values came from the Cl-cHBC/graphite hybrid anode (80 wt.% active, 10 wt.% Super C45, 10 wt.% PVDF); 'same procedure' does not establish a composition when the referenced procedure contains formulation details that may belong specifically to the anode, so the cathode composition is not established",2026-09-17
records.csv,nmc-0880,binder_wt_pct,10,,"wrong formulation attached: values came from the Cl-cHBC/graphite hybrid anode (80 wt.% active, 10 wt.% Super C45, 10 wt.% PVDF); 'same procedure' does not establish a composition when the referenced procedure contains formulation details that may belong specifically to the anode, so the cathode composition is not established",2026-09-17
records.csv,nmc-0880,electrode_ratio_raw,"Cl-cHBC 40 wt.%, graphite 40 wt.%, Super C45 10 wt.%, PVDF 10 wt.%","not established for the cathode; paper: 'The SC-NCM811 cathode was prepared using the same procedure as described above, with the only difference being that it was cast onto aluminum foil.'","wrong formulation attached: values came from the Cl-cHBC/graphite hybrid anode (80 wt.% active, 10 wt.% Super C45, 10 wt.% PVDF); 'same procedure' does not establish a composition when the referenced procedure contains formulation details that may belong specifically to the anode, so the cathode composition is not established; anode composition text replaced by the paper's cathode sentence",2026-09-17
records.csv,nmc-0880,source_license,CC-BY-4.0,cc-by-4.0,license identifier lowercased,2026-09-17
records.csv,nmc-1145,source_license,CC-BY-4.0,cc-by-4.0,license identifier lowercased,2026-09-17
records.csv,nmc-1847,source_license,CC-BY-4.0,cc-by-4.0,license identifier lowercased,2026-09-17
records.csv,nmc-0125,source_license,CC-BY-4.0,cc-by-4.0,license identifier lowercased,2026-09-17
records.csv,nmc-0128,source_license,CC-BY-4.0,cc-by-4.0,license identifier lowercased,2026-09-17
records.csv,nmc-1155,source_license,CC-BY-4.0,cc-by-4.0,license identifier lowercased,2026-09-17
records.csv,nmc-1175,source_license,CC-BY-4.0,cc-by-4.0,license identifier lowercased,2026-09-17
records.csv,nmc-1180,source_license,CC-BY-4.0,cc-by-4.0,license identifier lowercased,2026-09-17
records.csv,nmc-0623,cell_type,full cell,half cell,half-cell rule: a Li metal or Li-In alloy counter electrode makes the cell a half cell; the paper's term kept in cell_type_as_reported,2026-09-17
records.csv,nmc-0623,source_license,CC-BY-4.0,cc-by-4.0,license identifier lowercased,2026-09-17
records.csv,nmc-1423,source_license,CC-BY-4.0,cc-by-4.0,license identifier lowercased,2026-09-17
records.csv,nmc-0562,source_license,CC-BY-4.0,cc-by-4.0,license identifier lowercased,2026-09-17
records.csv,nmc-0563,source_license,CC-BY-4.0,cc-by-4.0,license identifier lowercased,2026-09-17
records.csv,nmc-1046,source_license,CC-BY-4.0,cc-by-4.0,license identifier lowercased,2026-09-17
records.csv,nmc-1612,source_license,CC-BY-4.0,cc-by-4.0,license identifier lowercased,2026-09-17
records.csv,nmc-0855,source_license,CC-BY-4.0,cc-by-4.0,license identifier lowercased,2026-09-17
records.csv,nmc-0063,source_license,CC-BY-4.0,cc-by-4.0,license identifier lowercased,2026-09-17
records.csv,nmc-0066,source_license,CC-BY-4.0,cc-by-4.0,license identifier lowercased,2026-09-17
records.csv,nmc-1136,active_material_wt_pct,96,95.5,"decimal rule: electrode_ratio_raw explicitly gives a decimal wt% for the component, so the paper-stated decimal replaces the rounded whole-number extraction; paper: 'The NMC811 cathode comprised 95.5 wt% of NMC811 particles, 2.5 wt% of PVdF, and 2 wt% of Super P'; raw order is AM:binder:CA, existing CA 2 and binder 2.5 verified correct",2026-09-17
records.csv,nmc-1136,source_license,CC-BY-4.0,cc-by-4.0,license identifier lowercased,2026-09-17
records.csv,nmc-1657,source_license,CC-BY-4.0,cc-by-4.0,license identifier lowercased,2026-09-17
records.csv,nmc-0307,source_license,CC-BY-4.0,cc-by-4.0,license identifier lowercased,2026-09-17
records.csv,nmc-0745,source_license,CC-BY-4.0,cc-by-4.0,license identifier lowercased,2026-09-17
records.csv,nmc-0288,source_license,CC-BY-4.0,cc-by-4.0,license identifier lowercased,2026-09-17
records.csv,nmc-0638,source_license,CC-BY-4.0,cc-by-4.0,license identifier lowercased,2026-09-17
records.csv,nmc-1780,source_license,CC-BY-4.0,cc-by-4.0,license identifier lowercased,2026-09-17
records.csv,nmc-1574,source_license,CC-BY-4.0,cc-by-4.0,license identifier lowercased,2026-09-17
records.csv,nmc-0071,source_license,CC-BY-4.0,cc-by-4.0,license identifier lowercased,2026-09-17
records.csv,nmc-1634,source_license,CC-BY-4.0,cc-by-4.0,license identifier lowercased,2026-09-17
records.csv,nmc-0068,source_license,CC-BY-4.0,cc-by-4.0,license identifier lowercased,2026-09-17
records.csv,nmc-1149,source_license,CC-BY-4.0,cc-by-4.0,license identifier lowercased,2026-09-17
records.csv,nmc-0606,source_license,CC-BY-4.0,cc-by-4.0,license identifier lowercased,2026-09-17
records.csv,nmc-0966,source_license,CC-BY-4.0,cc-by-4.0,license identifier lowercased,2026-09-17
records.csv,nmc-0406,source_license,CC-BY-4.0,cc-by-4.0,license identifier lowercased,2026-09-17
records.csv,nmc-0156,source_license,CC-BY-4.0,cc-by-4.0,license identifier lowercased,2026-09-17
records.csv,nmc-0248,source_license,CC-BY-4.0,cc-by-4.0,license identifier lowercased,2026-09-17
records.csv,nmc-1628,source_license,CC-BY-4.0,cc-by-4.0,license identifier lowercased,2026-09-17
records.csv,nmc-1588,source_license,CC-BY-4.0,cc-by-4.0,license identifier lowercased,2026-09-17
records.csv,nmc-0741,source_license,CC-BY-4.0,cc-by-4.0,license identifier lowercased,2026-09-17
records.csv,nmc-0752,source_license,CC-BY-4.0,cc-by-4.0,license identifier lowercased,2026-09-17
records.csv,nmc-0161,source_license,CC-BY-4.0,cc-by-4.0,license identifier lowercased,2026-09-17
records.csv,nmc-0702,source_license,CC-BY-4.0,cc-by-4.0,license identifier lowercased,2026-09-17
records.csv,nmc-0920,cell_type,full cell,half cell,half-cell rule: a Li metal or Li-In alloy counter electrode makes the cell a half cell; the paper's term kept in cell_type_as_reported,2026-09-17
records.csv,nmc-0920,source_license,CC-BY-4.0,cc-by-4.0,license identifier lowercased,2026-09-17
records.csv,nmc-0233,conductive_additive_wt_pct,5,10,rule Σ: explicitly named conductive additives summed (super-P 5 + KS-6 5),2026-09-17
records.csv,nmc-0233,source_license,CC-BY-4.0,cc-by-4.0,license identifier lowercased,2026-09-17
records.csv,nmc-1655,source_license,CC-BY-4.0,cc-by-4.0,license identifier lowercased,2026-09-17
records.csv,nmc-1515,cell_type,not_reported,half cell,"half-cell rule: a Li metal or Li-In alloy counter electrode makes the cell a half cell; cell type was not reported, cell_type_as_reported keeps not_reported",2026-09-17
records.csv,nmc-1515,source_license,CC-BY-4.0,cc-by-4.0,license identifier lowercased,2026-09-17
records.csv,nmc-0097,counter_electrode,In-Li alloy,Li-In,Li-In variants normalized; papers establish an In-Li alloy counter electrode; the original wording is the old value in this log,2026-09-17
records.csv,nmc-0097,cell_type,full cell,half cell,half-cell rule: a Li metal or Li-In alloy counter electrode makes the cell a half cell; the paper's term kept in cell_type_as_reported,2026-09-17
records.csv,nmc-0097,source_license,CC-BY-4.0,cc-by-4.0,license identifier lowercased,2026-09-17
records.csv,nmc-0099,counter_electrode,In-Li alloy,Li-In,Li-In variants normalized; papers establish an In-Li alloy counter electrode; the original wording is the old value in this log,2026-09-17
records.csv,nmc-0099,cell_type,full cell,half cell,half-cell rule: a Li metal or Li-In alloy counter electrode makes the cell a half cell; the paper's term kept in cell_type_as_reported,2026-09-17
records.csv,nmc-0099,source_license,CC-BY-4.0,cc-by-4.0,license identifier lowercased,2026-09-17
records.csv,nmc-0069,source_license,CC-BY-4.0,cc-by-4.0,license identifier lowercased,2026-09-17
records.csv,nmc-0227,source_license,CC-BY-4.0,cc-by-4.0,license identifier lowercased,2026-09-17
records.csv,nmc-1629,source_license,CC-BY-4.0,cc-by-4.0,license identifier lowercased,2026-09-17
records.csv,nmc-0744,source_license,CC-BY-4.0,cc-by-4.0,license identifier lowercased,2026-09-17
records.csv,nmc-1495,source_license,CC-BY-4.0,cc-by-4.0,license identifier lowercased,2026-09-17
records.csv,nmc-0926,cell_type,full cell,half cell,half-cell rule: a Li metal or Li-In alloy counter electrode makes the cell a half cell; the paper's term kept in cell_type_as_reported,2026-09-17
records.csv,nmc-0926,source_license,CC-BY-4.0,cc-by-4.0,license identifier lowercased,2026-09-17
records.csv,nmc-1573,source_license,CC-BY-4.0,cc-by-4.0,license identifier lowercased,2026-09-17
records.csv,nmc-1662,source_license,CC-BY-4.0,cc-by-4.0,license identifier lowercased,2026-09-17
records.csv,nmc-0163,source_license,CC-BY-4.0,cc-by-4.0,license identifier lowercased,2026-09-17
records.csv,nmc-0366,cell_type,full cell,half cell,half-cell rule: a Li metal or Li-In alloy counter electrode makes the cell a half cell; the paper's term kept in cell_type_as_reported,2026-09-17
records.csv,nmc-0366,source_license,CC-BY-4.0,cc-by-4.0,license identifier lowercased,2026-09-17
records.csv,nmc-1543,source_license,CC-BY-4.0,cc-by-4.0,license identifier lowercased,2026-09-17
records.csv,nmc-1544,source_license,CC-BY-4.0,cc-by-4.0,license identifier lowercased,2026-09-17
records.csv,nmc-1545,source_license,CC-BY-4.0,cc-by-4.0,license identifier lowercased,2026-09-17
records.csv,nmc-1340,counter_electrode,In-Li alloy,Li-In,Li-In variants normalized; papers establish an In-Li alloy counter electrode; the original wording is the old value in this log,2026-09-17
records.csv,nmc-1340,source_license,CC-BY-4.0,cc-by-4.0,license identifier lowercased,2026-09-17
records.csv,nmc-0070,source_license,CC-BY-4.0,cc-by-4.0,license identifier lowercased,2026-09-17
records.csv,nmc-0682,source_license,CC-BY-4.0,cc-by-4.0,license identifier lowercased,2026-09-17
records.csv,nmc-0282,source_license,CC-BY-4.0,cc-by-4.0,license identifier lowercased,2026-09-17
records.csv,nmc-1170,source_license,CC-BY-4.0,cc-by-4.0,license identifier lowercased,2026-09-17
records.csv,nmc-1575,source_license,CC-BY-4.0,cc-by-4.0,license identifier lowercased,2026-09-17
records.csv,nmc-0402,source_license,CC-BY-4.0,cc-by-4.0,license identifier lowercased,2026-09-17
records.csv,nmc-0809,source_license,CC-BY-4.0,cc-by-4.0,license identifier lowercased,2026-09-17
records.csv,nmc-0162,source_license,CC-BY-4.0,cc-by-4.0,license identifier lowercased,2026-09-17
records.csv,nmc-1746,source_license,CC-BY-4.0,cc-by-4.0,license identifier lowercased,2026-09-17
records.csv,nmc-1497,source_license,CC-BY-4.0,cc-by-4.0,license identifier lowercased,2026-09-17
records.csv,nmc-1635,source_license,CC-BY-4.0,cc-by-4.0,license identifier lowercased,2026-09-17
records.csv,nmc-1638,source_license,CC-BY-4.0,cc-by-4.0,license identifier lowercased,2026-09-17
records.csv,nmc-1924,cell_type,full cell,half cell,half-cell rule: a Li metal or Li-In alloy counter electrode makes the cell a half cell; the paper's term kept in cell_type_as_reported,2026-09-17
records.csv,nmc-1924,source_license,CC-BY-4.0,cc-by-4.0,license identifier lowercased,2026-09-17
records.csv,nmc-0742,source_license,CC-BY-4.0,cc-by-4.0,license identifier lowercased,2026-09-17
records.csv,nmc-1906,source_license,CC-BY-4.0,cc-by-4.0,license identifier lowercased,2026-09-17
records.csv,nmc-0072,source_license,CC-BY-4.0,cc-by-4.0,license identifier lowercased,2026-09-17
records.csv,nmc-1460,source_license,CC-BY-4.0,cc-by-4.0,license identifier lowercased,2026-09-17
records.csv,nmc-1262,source_license,CC-BY-4.0,cc-by-4.0,license identifier lowercased,2026-09-17
records.csv,nmc-0976,source_license,CC-BY-4.0,cc-by-4.0,license identifier lowercased,2026-09-17
records.csv,nmc-1443,source_license,CC-BY-4.0,cc-by-4.0,license identifier lowercased,2026-09-17
records.csv,nmc-0859,source_license,CC-BY-4.0,cc-by-4.0,license identifier lowercased,2026-09-17
records.csv,nmc-0308,source_license,CC-BY-4.0,cc-by-4.0,license identifier lowercased,2026-09-17
records.csv,nmc-0281,source_license,CC-BY-4.0,cc-by-4.0,license identifier lowercased,2026-09-17
records.csv,nmc-1052,source_license,CC-BY-4.0,cc-by-4.0,license identifier lowercased,2026-09-17
records.csv,nmc-1098,source_license,CC-BY-4.0,cc-by-4.0,license identifier lowercased,2026-09-17
records.csv,nmc-0753,source_license,CC-BY-4.0,cc-by-4.0,license identifier lowercased,2026-09-17
records.csv,nmc-0796,source_license,CC-BY-4.0,cc-by-4.0,license identifier lowercased,2026-09-17
records.csv,nmc-1739,source_license,CC-BY-4.0,cc-by-4.0,license identifier lowercased,2026-09-17
records.csv,nmc-0708,source_license,CC-BY-4.0,cc-by-4.0,license identifier lowercased,2026-09-17
records.csv,nmc-1020,source_license,CC-BY-4.0,cc-by-4.0,license identifier lowercased,2026-09-17
records.csv,nmc-1244,cell_type,full cell,half cell,half-cell rule: a Li metal or Li-In alloy counter electrode makes the cell a half cell; the paper's term kept in cell_type_as_reported,2026-09-17
records.csv,nmc-1244,source_license,CC-BY-4.0,cc-by-4.0,license identifier lowercased,2026-09-17
records.csv,nmc-1682,source_license,CC-BY-4.0,cc-by-4.0,license identifier lowercased,2026-09-17
records.csv,nmc-0321,source_license,CC-BY-4.0,cc-by-4.0,license identifier lowercased,2026-09-17
records.csv,nmc-1358,cell_type,not_reported,half cell,"half-cell rule: a Li metal or Li-In alloy counter electrode makes the cell a half cell; cell type was not reported, cell_type_as_reported keeps not_reported",2026-09-17
records.csv,nmc-1358,source_license,CC-BY-4.0,cc-by-4.0,license identifier lowercased,2026-09-17
records.csv,nmc-0433,source_license,CC-BY-4.0,cc-by-4.0,license identifier lowercased,2026-09-17
records.csv,nmc-1078,source_license,CC-BY-4.0,cc-by-4.0,license identifier lowercased,2026-09-17
records.csv,nmc-1143,source_license,CC-BY-4.0,cc-by-4.0,license identifier lowercased,2026-09-17
records.csv,nmc-0869,source_license,CC-BY-4.0,cc-by-4.0,license identifier lowercased,2026-09-17
records.csv,nmc-0305,source_license,CC-BY-4.0,cc-by-4.0,license identifier lowercased,2026-09-17
records.csv,nmc-1941,source_license,CC-BY-4.0,cc-by-4.0,license identifier lowercased,2026-09-17
records.csv,nmc-0860,source_license,CC-BY-4.0,cc-by-4.0,license identifier lowercased,2026-09-17
records.csv,nmc-0519,active_material_wt_pct,92,92.5,"decimal rule: electrode_ratio_raw explicitly gives a decimal wt% for the component, so the paper-stated decimal replaces the rounded whole-number extraction; paper: 'active materials, super P … and polyvinylidene fluoride in a weight ratio of 92.5:4.5:3'",2026-09-17
records.csv,nmc-0519,source_license,CC-BY-4.0,cc-by-4.0,license identifier lowercased,2026-09-17
records.csv,nmc-0520,active_material_wt_pct,92,92.5,"decimal rule: electrode_ratio_raw explicitly gives a decimal wt% for the component, so the paper-stated decimal replaces the rounded whole-number extraction; paper: 'active materials, super P … and polyvinylidene fluoride in a weight ratio of 92.5:4.5:3'",2026-09-17
records.csv,nmc-0520,source_license,CC-BY-4.0,cc-by-4.0,license identifier lowercased,2026-09-17
records.csv,nmc-0521,active_material_wt_pct,92,92.5,"decimal rule: electrode_ratio_raw explicitly gives a decimal wt% for the component, so the paper-stated decimal replaces the rounded whole-number extraction; paper: 'active materials, super P … and polyvinylidene fluoride in a weight ratio of 92.5:4.5:3'",2026-09-17
records.csv,nmc-0521,source_license,CC-BY-4.0,cc-by-4.0,license identifier lowercased,2026-09-17
records.csv,nmc-0522,active_material_wt_pct,92,92.5,"decimal rule: electrode_ratio_raw explicitly gives a decimal wt% for the component, so the paper-stated decimal replaces the rounded whole-number extraction; paper: 'active materials, super P … and polyvinylidene fluoride in a weight ratio of 92.5:4.5:3'",2026-09-17
records.csv,nmc-0522,source_license,CC-BY-4.0,cc-by-4.0,license identifier lowercased,2026-09-17
records.csv,nmc-0816,source_license,CC-BY-4.0,cc-by-4.0,license identifier lowercased,2026-09-17
records.csv,nmc-0797,source_license,CC-BY-4.0,cc-by-4.0,license identifier lowercased,2026-09-17
records.csv,nmc-0827,source_license,CC-BY-4.0,cc-by-4.0,license identifier lowercased,2026-09-17
records.csv,nmc-0826,source_license,CC-BY-4.0,cc-by-4.0,license identifier lowercased,2026-09-17
records.csv,nmc-0234,conductive_additive_wt_pct,5,10,rule Σ: explicitly named conductive additives summed (super-P 5 + KS-6 5),2026-09-17
records.csv,nmc-0234,source_license,CC-BY-4.0,cc-by-4.0,license identifier lowercased,2026-09-17
records.csv,nmc-0547,source_license,CC-BY-4.0,cc-by-4.0,license identifier lowercased,2026-09-17
records.csv,nmc-0499,source_license,CC-BY-4.0,cc-by-4.0,license identifier lowercased,2026-09-17
records.csv,nmc-1630,source_license,CC-BY-4.0,cc-by-4.0,license identifier lowercased,2026-09-17
records.csv,nmc-0795,source_license,CC-BY-4.0,cc-by-4.0,license identifier lowercased,2026-09-17
records.csv,nmc-1418,source_license,CC-BY-4.0,cc-by-4.0,license identifier lowercased,2026-09-17
records.csv,nmc-1609,source_license,CC-BY-4.0,cc-by-4.0,license identifier lowercased,2026-09-17
records.csv,nmc-1611,source_license,CC-BY-4.0,cc-by-4.0,license identifier lowercased,2026-09-17
records.csv,nmc-0165,source_license,CC-BY-4.0,cc-by-4.0,license identifier lowercased,2026-09-17
records.csv,nmc-1506,source_license,CC-BY-4.0,cc-by-4.0,license identifier lowercased,2026-09-17
records.csv,nmc-1047,source_license,CC-BY-4.0,cc-by-4.0,license identifier lowercased,2026-09-17
records.csv,nmc-1459,source_license,CC-BY-4.0,cc-by-4.0,license identifier lowercased,2026-09-17
records.csv,nmc-0289,source_license,CC-BY-4.0,cc-by-4.0,license identifier lowercased,2026-09-17
records.csv,nmc-0946,cell_type,full cell,half cell,half-cell rule: a Li metal or Li-In alloy counter electrode makes the cell a half cell; the paper's term kept in cell_type_as_reported,2026-09-17
records.csv,nmc-0946,source_license,CC-BY-4.0,cc-by-4.0,license identifier lowercased,2026-09-17
records.csv,nmc-0975,source_license,CC-BY-4.0,cc-by-4.0,license identifier lowercased,2026-09-17
records.csv,nmc-1442,source_license,CC-BY-4.0,cc-by-4.0,license identifier lowercased,2026-09-17
records.csv,nmc-0879,source_license,CC-BY-4.0,cc-by-4.0,license identifier lowercased,2026-09-17
records.csv,nmc-0881,active_material_wt_pct,28,,"wrong formulation attached: values came from the Cl-cHBC/graphite hybrid anode (80 wt.% active, 10 wt.% Super C45, 10 wt.% PVDF); 'same procedure' does not establish a composition when the referenced procedure contains formulation details that may belong specifically to the anode, so the cathode composition is not established (28 was unsupported under any reading)",2026-09-17
records.csv,nmc-0881,conductive_additive_wt_pct,10,,"wrong formulation attached: values came from the Cl-cHBC/graphite hybrid anode (80 wt.% active, 10 wt.% Super C45, 10 wt.% PVDF); 'same procedure' does not establish a composition when the referenced procedure contains formulation details that may belong specifically to the anode, so the cathode composition is not established",2026-09-17
records.csv,nmc-0881,binder_wt_pct,10,,"wrong formulation attached: values came from the Cl-cHBC/graphite hybrid anode (80 wt.% active, 10 wt.% Super C45, 10 wt.% PVDF); 'same procedure' does not establish a composition when the referenced procedure contains formulation details that may belong specifically to the anode, so the cathode composition is not established",2026-09-17
records.csv,nmc-0881,electrode_ratio_raw,"Cl-cHBC 40 wt.%, graphite 40 wt.%, Super C45 10 wt.%, PVDF 10 wt.%","not established for the cathode; paper: 'The SC-NCM811 cathode was prepared using the same procedure as described above, with the only difference being that it was cast onto aluminum foil.'","wrong formulation attached: values came from the Cl-cHBC/graphite hybrid anode (80 wt.% active, 10 wt.% Super C45, 10 wt.% PVDF); 'same procedure' does not establish a composition when the referenced procedure contains formulation details that may belong specifically to the anode, so the cathode composition is not established; anode composition text replaced by the paper's cathode sentence",2026-09-17
records.csv,nmc-0881,source_license,CC-BY-4.0,cc-by-4.0,license identifier lowercased,2026-09-17
records.csv,nmc-0502,source_license,CC-BY-4.0,cc-by-4.0,license identifier lowercased,2026-09-17
records.csv,nmc-0722,source_license,CC-BY-4.0,cc-by-4.0,license identifier lowercased,2026-09-17
records.csv,nmc-0639,source_license,CC-BY-4.0,cc-by-4.0,license identifier lowercased,2026-09-17
records.csv,nmc-1796,source_license,CC-BY-4.0,cc-by-4.0,license identifier lowercased,2026-09-17
records.csv,nmc-1226,source_license,CC-BY-4.0,cc-by-4.0,license identifier lowercased,2026-09-17
records.csv,nmc-0921,cell_type,full cell,half cell,half-cell rule: a Li metal or Li-In alloy counter electrode makes the cell a half cell; the paper's term kept in cell_type_as_reported,2026-09-17
records.csv,nmc-0921,source_license,CC-BY-4.0,cc-by-4.0,license identifier lowercased,2026-09-17
records.csv,nmc-0965,source_license,CC-BY-4.0,cc-by-4.0,license identifier lowercased,2026-09-17
records.csv,nmc-0828,source_license,CC-BY-4.0,cc-by-4.0,license identifier lowercased,2026-09-17
records.csv,nmc-1960,source_license,CC-BY-4.0,cc-by-4.0,license identifier lowercased,2026-09-17
records.csv,nmc-0202,source_license,CC-BY-4.0,cc-by-4.0,license identifier lowercased,2026-09-17
records.csv,nmc-0079,active_material_wt_pct,,99.8,"value omitted: paper 'electrodes containing 99.8 wt% NCM811 and only 0.2 wt% SWCNTs, acting as both conductive additive and binding agent'; binder left unchanged",2026-09-17
records.csv,nmc-0079,electrode_ratio_raw,not_reported,"electrodes containing 99.8 wt% NCM811 and only 0.2 wt% SWCNTs, acting as both conductive additive and binding agent",raw evidence filled: paper wording that establishes active_material_wt_pct 99.8 and conductive_additive_wt_pct 0.2,2026-09-17
records.csv,nmc-0079,source_license,CC-BY-4.0,cc-by-4.0,license identifier lowercased,2026-09-17
records.csv,nmc-1221,source_license,CC-BY-4.0,cc-by-4.0,license identifier lowercased,2026-09-17
records.csv,nmc-0604,source_license,CC-BY-4.0,cc-by-4.0,license identifier lowercased,2026-09-17
records.csv,nmc-0875,source_license,CC-BY-4.0,cc-by-4.0,license identifier lowercased,2026-09-17
records.csv,nmc-0309,source_license,CC-BY-4.0,cc-by-4.0,license identifier lowercased,2026-09-17
records.csv,nmc-0943,cell_type,full cell,half cell,half-cell rule: a Li metal or Li-In alloy counter electrode makes the cell a half cell; the paper's term kept in cell_type_as_reported,2026-09-17
records.csv,nmc-0943,source_license,CC-BY-4.0,cc-by-4.0,license identifier lowercased,2026-09-17
records.csv,nmc-1910,source_license,CC-BY-4.0,cc-by-4.0,license identifier lowercased,2026-09-17
records.csv,nmc-0810,source_license,CC-BY-4.0,cc-by-4.0,license identifier lowercased,2026-09-17
records.csv,nmc-0292,cell_type,full cell,half cell,half-cell rule: a Li metal or Li-In alloy counter electrode makes the cell a half cell; the paper's term kept in cell_type_as_reported,2026-09-17
records.csv,nmc-0292,source_license,CC-BY-4.0,cc-by-4.0,license identifier lowercased,2026-09-17
records.csv,nmc-0207,source_license,CC-BY-4.0,cc-by-4.0,license identifier lowercased,2026-09-17
records.csv,nmc-1150,source_license,CC-BY-4.0,cc-by-4.0,license identifier lowercased,2026-09-17
records.csv,nmc-1698,source_license,CC-BY-4.0,cc-by-4.0,license identifier lowercased,2026-09-17
records.csv,nmc-1259,source_license,CC-BY-4.0,cc-by-4.0,license identifier lowercased,2026-09-17
records.csv,nmc-1461,source_license,CC-BY-4.0,cc-by-4.0,license identifier lowercased,2026-09-17
records.csv,nmc-0703,source_license,CC-BY-4.0,cc-by-4.0,license identifier lowercased,2026-09-17
records.csv,nmc-0074,source_license,CC-BY-4.0,cc-by-4.0,license identifier lowercased,2026-09-17
records.csv,nmc-0016,source_license,CC-BY-4.0,cc-by-4.0,license identifier lowercased,2026-09-17
records.csv,nmc-0542,source_license,CC-BY-4.0,cc-by-4.0,license identifier lowercased,2026-09-17
records.csv,nmc-0972,source_license,CC-BY-4.0,cc-by-4.0,license identifier lowercased,2026-09-17
records.csv,nmc-1439,source_license,CC-BY-4.0,cc-by-4.0,license identifier lowercased,2026-09-17
records.csv,nmc-0739,source_license,CC-BY-4.0,cc-by-4.0,license identifier lowercased,2026-09-17
records.csv,nmc-1526,cell_type,not_reported,half cell,"half-cell rule: a Li metal or Li-In alloy counter electrode makes the cell a half cell; cell type was not reported, cell_type_as_reported keeps not_reported",2026-09-17
records.csv,nmc-1526,source_license,CC-BY-4.0,cc-by-4.0,license identifier lowercased,2026-09-17
records.csv,nmc-0144,source_license,CC-BY-4.0,cc-by-4.0,license identifier lowercased,2026-09-17
records.csv,nmc-0166,source_license,CC-BY-4.0,cc-by-4.0,license identifier lowercased,2026-09-17
records.csv,nmc-0590,source_license,CC-BY-4.0,cc-by-4.0,license identifier lowercased,2026-09-17
records.csv,nmc-1961,source_license,CC-BY-4.0,cc-by-4.0,license identifier lowercased,2026-09-17
records.csv,nmc-0269,source_license,CC-BY-4.0,cc-by-4.0,license identifier lowercased,2026-09-17
records.csv,nmc-1940,source_license,CC-BY-4.0,cc-by-4.0,license identifier lowercased,2026-09-17
records.csv,nmc-0084,active_material_wt_pct,,99.8,"value omitted: paper 'electrodes containing 99.8 wt% NCM811 and only 0.2 wt% SWCNTs, acting as both conductive additive and binding agent'; binder left unchanged",2026-09-17
records.csv,nmc-0084,electrode_ratio_raw,not_reported,"electrodes containing 99.8 wt% NCM811 and only 0.2 wt% SWCNTs, acting as both conductive additive and binding agent",raw evidence filled: paper wording that establishes active_material_wt_pct 99.8 and conductive_additive_wt_pct 0.2,2026-09-17
records.csv,nmc-0084,source_license,CC-BY-4.0,cc-by-4.0,license identifier lowercased,2026-09-17
records.csv,nmc-0322,source_license,CC-BY-4.0,cc-by-4.0,license identifier lowercased,2026-09-17
records.csv,nmc-0442,source_license,CC-BY-4.0,cc-by-4.0,license identifier lowercased,2026-09-17
records.csv,nmc-0126,source_license,CC-BY-4.0,cc-by-4.0,license identifier lowercased,2026-09-17
records.csv,nmc-0275,source_license,CC-BY-4.0,cc-by-4.0,license identifier lowercased,2026-09-17
records.csv,nmc-0593,source_license,CC-BY-4.0,cc-by-4.0,license identifier lowercased,2026-09-17
records.csv,nmc-1627,source_license,CC-BY-4.0,cc-by-4.0,license identifier lowercased,2026-09-17
records.csv,nmc-1424,source_license,CC-BY-4.0,cc-by-4.0,license identifier lowercased,2026-09-17
records.csv,nmc-1462,source_license,CC-BY-4.0,cc-by-4.0,license identifier lowercased,2026-09-17
records.csv,nmc-0952,cell_type,full cell,half cell,half-cell rule: a Li metal or Li-In alloy counter electrode makes the cell a half cell; the paper's term kept in cell_type_as_reported,2026-09-17
records.csv,nmc-0952,source_license,CC-BY-4.0,cc-by-4.0,license identifier lowercased,2026-09-17
records.csv,nmc-1337,cell_type,full cell,half cell,half-cell rule: a Li metal or Li-In alloy counter electrode makes the cell a half cell; the paper's term kept in cell_type_as_reported,2026-09-17
records.csv,nmc-1337,source_license,CC-BY-4.0,cc-by-4.0,license identifier lowercased,2026-09-17
records.csv,nmc-1297,source_license,CC-BY-4.0,cc-by-4.0,license identifier lowercased,2026-09-17
records.csv,nmc-1118,source_license,CC-BY-4.0,cc-by-4.0,license identifier lowercased,2026-09-17
records.csv,nmc-0829,source_license,CC-BY-4.0,cc-by-4.0,license identifier lowercased,2026-09-17
records.csv,nmc-0073,source_license,CC-BY-4.0,cc-by-4.0,license identifier lowercased,2026-09-17
records.csv,nmc-1810,cell_type,full cell,half cell,half-cell rule: a Li metal or Li-In alloy counter electrode makes the cell a half cell; the paper's term kept in cell_type_as_reported,2026-09-17
records.csv,nmc-1810,source_license,CC-BY-4.0,cc-by-4.0,license identifier lowercased,2026-09-17
records.csv,nmc-1338,cell_type,full cell,half cell,half-cell rule: a Li metal or Li-In alloy counter electrode makes the cell a half cell; the paper's term kept in cell_type_as_reported,2026-09-17
records.csv,nmc-1338,source_license,CC-BY-4.0,cc-by-4.0,license identifier lowercased,2026-09-17
records.csv,nmc-0696,source_license,CC-BY-4.0,cc-by-4.0,license identifier lowercased,2026-09-17
records.csv,nmc-1837,cell_type,full cell,half cell,half-cell rule: a Li metal or Li-In alloy counter electrode makes the cell a half cell; the paper's term kept in cell_type_as_reported,2026-09-17
records.csv,nmc-1837,source_license,CC-BY-4.0,cc-by-4.0,license identifier lowercased,2026-09-17
records.csv,nmc-1525,cell_type,not_reported,half cell,"half-cell rule: a Li metal or Li-In alloy counter electrode makes the cell a half cell; cell type was not reported, cell_type_as_reported keeps not_reported",2026-09-17
records.csv,nmc-1525,source_license,CC-BY-4.0,cc-by-4.0,license identifier lowercased,2026-09-17
records.csv,nmc-0361,source_license,CC-BY-4.0,cc-by-4.0,license identifier lowercased,2026-09-17
records.csv,nmc-0632,source_license,CC-BY-4.0,cc-by-4.0,license identifier lowercased,2026-09-17
records.csv,nmc-1816,cell_type,full cell,half cell,half-cell rule: a Li metal or Li-In alloy counter electrode makes the cell a half cell; the paper's term kept in cell_type_as_reported,2026-09-17
records.csv,nmc-1816,source_license,CC-BY-4.0,cc-by-4.0,license identifier lowercased,2026-09-17
records.csv,nmc-0655,source_license,CC-BY-4.0,cc-by-4.0,license identifier lowercased,2026-09-17
records.csv,nmc-0681,source_license,CC-BY-4.0,cc-by-4.0,license identifier lowercased,2026-09-17
records.csv,nmc-0657,source_license,CC-BY-4.0,cc-by-4.0,license identifier lowercased,2026-09-17
records.csv,nmc-0405,source_license,CC-BY-4.0,cc-by-4.0,license identifier lowercased,2026-09-17
records.csv,nmc-0820,source_license,CC-BY-4.0,cc-by-4.0,license identifier lowercased,2026-09-17
records.csv,nmc-1507,cell_type,not_reported,half cell,"half-cell rule: a Li metal or Li-In alloy counter electrode makes the cell a half cell; cell type was not reported, cell_type_as_reported keeps not_reported",2026-09-17
records.csv,nmc-1507,source_license,CC-BY-4.0,cc-by-4.0,license identifier lowercased,2026-09-17
records.csv,nmc-1510,cell_type,not_reported,half cell,"half-cell rule: a Li metal or Li-In alloy counter electrode makes the cell a half cell; cell type was not reported, cell_type_as_reported keeps not_reported",2026-09-17
records.csv,nmc-1510,source_license,CC-BY-4.0,cc-by-4.0,license identifier lowercased,2026-09-17
records.csv,nmc-0080,source_license,CC-BY-4.0,cc-by-4.0,license identifier lowercased,2026-09-17
records.csv,nmc-0594,source_license,CC-BY-4.0,cc-by-4.0,license identifier lowercased,2026-09-17
records.csv,nmc-1626,source_license,CC-BY-4.0,cc-by-4.0,license identifier lowercased,2026-09-17
records.csv,nmc-1359,cell_type,not_reported,half cell,"half-cell rule: a Li metal or Li-In alloy counter electrode makes the cell a half cell; cell type was not reported, cell_type_as_reported keeps not_reported",2026-09-17
records.csv,nmc-1359,source_license,CC-BY-4.0,cc-by-4.0,license identifier lowercased,2026-09-17
records.csv,nmc-1968,cell_type,full cell,half cell,half-cell rule: a Li metal or Li-In alloy counter electrode makes the cell a half cell; the paper's term kept in cell_type_as_reported,2026-09-17
records.csv,nmc-1968,source_license,CC-BY-4.0,cc-by-4.0,license identifier lowercased,2026-09-17
records.csv,nmc-0367,cell_type,full cell,half cell,half-cell rule: a Li metal or Li-In alloy counter electrode makes the cell a half cell; the paper's term kept in cell_type_as_reported,2026-09-17
records.csv,nmc-0367,source_license,CC-BY-4.0,cc-by-4.0,license identifier lowercased,2026-09-17
records.csv,nmc-0662,source_license,CC-BY-4.0,cc-by-4.0,license identifier lowercased,2026-09-17
records.csv,nmc-1637,source_license,CC-BY-4.0,cc-by-4.0,license identifier lowercased,2026-09-17
records.csv,nmc-0554,source_license,CC-BY-4.0,cc-by-4.0,license identifier lowercased,2026-09-17
records.csv,nmc-0979,source_license,CC-BY-4.0,cc-by-4.0,license identifier lowercased,2026-09-17
records.csv,nmc-0838,source_license,CC-BY-4.0,cc-by-4.0,license identifier lowercased,2026-09-17
records.csv,nmc-0871,source_license,CC-BY-4.0,cc-by-4.0,license identifier lowercased,2026-09-17
records.csv,nmc-0274,source_license,CC-BY-4.0,cc-by-4.0,license identifier lowercased,2026-09-17
records.csv,nmc-0651,source_license,CC-BY-4.0,cc-by-4.0,license identifier lowercased,2026-09-17
records.csv,nmc-0812,source_license,CC-BY-4.0,cc-by-4.0,license identifier lowercased,2026-09-17
records.csv,nmc-0715,active_material_wt_pct,11,,"extraction error: 11 appears nowhere in the paper; the Experimental section gives NMC622 '85–94 wt%' across all samples, so the active wt% of the 10 wt% cE electrode is not established; range kept in electrode_ratio_raw",2026-09-17
records.csv,nmc-0715,source_license,CC-BY-4.0,cc-by-4.0,license identifier lowercased,2026-09-17
records.csv,nmc-0627,source_license,CC-BY-4.0,cc-by-4.0,license identifier lowercased,2026-09-17
records.csv,nmc-0446,source_license,CC-BY-4.0,cc-by-4.0,license identifier lowercased,2026-09-17
records.csv,nmc-1607,active_material_wt_pct,92,92.5,"decimal rule: electrode_ratio_raw explicitly gives a decimal wt% for the component, so the paper-stated decimal replaces the rounded whole-number extraction; paper: 'LNO powder, Super C65 carbon black, and PVDF in the mass ratio 92.5: 4:3.5'",2026-09-17
records.csv,nmc-1607,source_license,CC-BY-4.0,cc-by-4.0,license identifier lowercased,2026-09-17
records.csv,nmc-1973,cell_type,full cell,half cell,half-cell rule: a Li metal or Li-In alloy counter electrode makes the cell a half cell; the paper's term kept in cell_type_as_reported,2026-09-17
records.csv,nmc-1973,source_license,CC-BY-4.0,cc-by-4.0,license identifier lowercased,2026-09-17
records.csv,nmc-0663,source_license,CC-BY-4.0,cc-by-4.0,license identifier lowercased,2026-09-17
records.csv,nmc-1220,source_license,CC-BY-4.0,cc-by-4.0,license identifier lowercased,2026-09-17
records.csv,nmc-0971,source_license,CC-BY-4.0,cc-by-4.0,license identifier lowercased,2026-09-17
records.csv,nmc-1438,source_license,CC-BY-4.0,cc-by-4.0,license identifier lowercased,2026-09-17
records.csv,nmc-1053,source_license,CC-BY-4.0,cc-by-4.0,license identifier lowercased,2026-09-17
records.csv,nmc-1865,source_license,CC-BY-4.0,cc-by-4.0,license identifier lowercased,2026-09-17
records.csv,nmc-0129,source_license,CC-BY-4.0,cc-by-4.0,license identifier lowercased,2026-09-17
records.csv,nmc-1031,cell_type,full cell,half cell,half-cell rule: a Li metal or Li-In alloy counter electrode makes the cell a half cell; the paper's term kept in cell_type_as_reported,2026-09-17
records.csv,nmc-1031,source_license,CC-BY-4.0,cc-by-4.0,license identifier lowercased,2026-09-17
records.csv,nmc-0157,source_license,CC-BY-4.0,cc-by-4.0,license identifier lowercased,2026-09-17
records.csv,nmc-0477,cell_type,full cell,half cell,half-cell rule: a Li metal or Li-In alloy counter electrode makes the cell a half cell; the paper's term kept in cell_type_as_reported,2026-09-17
records.csv,nmc-0477,source_license,CC-BY-4.0,cc-by-4.0,license identifier lowercased,2026-09-17
records.csv,nmc-1978,cell_type,full cell,half cell,half-cell rule: a Li metal or Li-In alloy counter electrode makes the cell a half cell; the paper's term kept in cell_type_as_reported,2026-09-17
records.csv,nmc-1978,source_license,CC-BY-4.0,cc-by-4.0,license identifier lowercased,2026-09-17
records.csv,nmc-0132,source_license,CC-BY-4.0,cc-by-4.0,license identifier lowercased,2026-09-17
records.csv,nmc-0836,source_license,CC-BY-4.0,cc-by-4.0,license identifier lowercased,2026-09-17
records.csv,nmc-1925,cell_type,full cell,half cell,half-cell rule: a Li metal or Li-In alloy counter electrode makes the cell a half cell; the paper's term kept in cell_type_as_reported,2026-09-17
records.csv,nmc-1925,source_license,CC-BY-4.0,cc-by-4.0,license identifier lowercased,2026-09-17
records.csv,nmc-0017,source_license,CC-BY-4.0,cc-by-4.0,license identifier lowercased,2026-09-17
records.csv,nmc-1631,source_license,CC-BY-4.0,cc-by-4.0,license identifier lowercased,2026-09-17
records.csv,nmc-0552,source_license,CC-BY-4.0,cc-by-4.0,license identifier lowercased,2026-09-17
records.csv,nmc-0653,source_license,CC-BY-4.0,cc-by-4.0,license identifier lowercased,2026-09-17
records.csv,nmc-1276,source_license,CC-BY-4.0,cc-by-4.0,license identifier lowercased,2026-09-17
records.csv,nmc-0276,source_license,CC-BY-4.0,cc-by-4.0,license identifier lowercased,2026-09-17
records.csv,nmc-1431,source_license,CC-BY-4.0,cc-by-4.0,license identifier lowercased,2026-09-17
records.csv,nmc-1977,cell_type,full cell,half cell,half-cell rule: a Li metal or Li-In alloy counter electrode makes the cell a half cell; the paper's term kept in cell_type_as_reported,2026-09-17
records.csv,nmc-1977,source_license,CC-BY-4.0,cc-by-4.0,license identifier lowercased,2026-09-17
records.csv,nmc-0558,source_license,CC-BY-4.0,cc-by-4.0,license identifier lowercased,2026-09-17
records.csv,nmc-0087,source_license,CC-BY-4.0,cc-by-4.0,license identifier lowercased,2026-09-17
records.csv,nmc-0054,source_license,CC-BY-4.0,cc-by-4.0,license identifier lowercased,2026-09-17
records.csv,nmc-1911,source_license,CC-BY-4.0,cc-by-4.0,license identifier lowercased,2026-09-17
records.csv,nmc-0330,source_license,CC-BY-4.0,cc-by-4.0,license identifier lowercased,2026-09-17
records.csv,nmc-0709,source_license,CC-BY-4.0,cc-by-4.0,license identifier lowercased,2026-09-17
records.csv,nmc-1659,source_license,CC-BY-4.0,cc-by-4.0,license identifier lowercased,2026-09-17
records.csv,nmc-0624,source_license,CC-BY-4.0,cc-by-4.0,license identifier lowercased,2026-09-17
records.csv,nmc-0625,source_license,CC-BY-4.0,cc-by-4.0,license identifier lowercased,2026-09-17
records.csv,nmc-1342,cell_type,full cell,half cell,half-cell rule: a Li metal or Li-In alloy counter electrode makes the cell a half cell; the paper's term kept in cell_type_as_reported,2026-09-17
records.csv,nmc-1342,source_license,CC-BY-4.0,cc-by-4.0,license identifier lowercased,2026-09-17
records.csv,nmc-1032,cell_type,full cell,half cell,half-cell rule: a Li metal or Li-In alloy counter electrode makes the cell a half cell; the paper's term kept in cell_type_as_reported,2026-09-17
records.csv,nmc-1032,source_license,CC-BY-4.0,cc-by-4.0,license identifier lowercased,2026-09-17
records.csv,nmc-1660,source_license,CC-BY-4.0,cc-by-4.0,license identifier lowercased,2026-09-17
records.csv,nmc-0277,source_license,CC-BY-4.0,cc-by-4.0,license identifier lowercased,2026-09-17
records.csv,nmc-0434,source_license,CC-BY-4.0,cc-by-4.0,license identifier lowercased,2026-09-17
records.csv,nmc-0560,source_license,CC-BY-4.0,cc-by-4.0,license identifier lowercased,2026-09-17
records.csv,nmc-0561,source_license,CC-BY-4.0,cc-by-4.0,license identifier lowercased,2026-09-17
records.csv,nmc-1937,active_material_wt_pct,92,92.5,"decimal rule: electrode_ratio_raw explicitly gives a decimal wt% for the component, so the paper-stated decimal replaces the rounded whole-number extraction; paper: 'The cathodes consisted of 92.5 wt% CAM …, 4 wt% conductive carbon …, 3.5 wt% polyvinylidene-fluoride binder'",2026-09-17
records.csv,nmc-1937,source_license,CC-BY-4.0,cc-by-4.0,license identifier lowercased,2026-09-17
records.csv,nmc-1740,source_license,CC-BY-4.0,cc-by-4.0,license identifier lowercased,2026-09-17
records.csv,nmc-0587,source_license,CC-BY-4.0,cc-by-4.0,license identifier lowercased,2026-09-17
records.csv,nmc-0870,source_license,CC-BY-4.0,cc-by-4.0,license identifier lowercased,2026-09-17
records.csv,nmc-1171,source_license,CC-BY-4.0,cc-by-4.0,license identifier lowercased,2026-09-17
records.csv,nmc-1305,source_license,CC-BY-4.0,cc-by-4.0,license identifier lowercased,2026-09-17
records.csv,nmc-0974,source_license,CC-BY-4.0,cc-by-4.0,license identifier lowercased,2026-09-17
records.csv,nmc-1441,source_license,CC-BY-4.0,cc-by-4.0,license identifier lowercased,2026-09-17
records.csv,nmc-0834,source_license,CC-BY-4.0,cc-by-4.0,license identifier lowercased,2026-09-17
records.csv,nmc-1058,source_license,CC-BY-4.0,cc-by-4.0,license identifier lowercased,2026-09-17
records.csv,nmc-0310,source_license,CC-BY-4.0,cc-by-4.0,license identifier lowercased,2026-09-17
records.csv,nmc-1576,source_license,CC-BY-4.0,cc-by-4.0,license identifier lowercased,2026-09-17
records.csv,nmc-0732,cell_type,not_reported,half cell,"half-cell rule: a Li metal or Li-In alloy counter electrode makes the cell a half cell; cell type was not reported, cell_type_as_reported keeps not_reported",2026-09-17
records.csv,nmc-0732,source_license,CC-BY-4.0,cc-by-4.0,license identifier lowercased,2026-09-17
records.csv,nmc-0817,source_license,CC-BY-4.0,cc-by-4.0,license identifier lowercased,2026-09-17
records.csv,nmc-0710,active_material_wt_pct,11,,"extraction error: 11 appears nowhere in the paper; the Experimental section gives NMC622 '85–94 wt%' across all samples, so the active wt% of the 10 wt% cE electrode is not established; range kept in electrode_ratio_raw",2026-09-17
records.csv,nmc-0710,source_license,CC-BY-4.0,cc-by-4.0,license identifier lowercased,2026-09-17
records.csv,nmc-1419,source_license,CC-BY-4.0,cc-by-4.0,license identifier lowercased,2026-09-17
records.csv,nmc-0588,source_license,CC-BY-4.0,cc-by-4.0,license identifier lowercased,2026-09-17
records.csv,nmc-0336,source_license,CC-BY-4.0,cc-by-4.0,license identifier lowercased,2026-09-17
records.csv,nmc-0856,source_license,CC-BY-4.0,cc-by-4.0,license identifier lowercased,2026-09-17
records.csv,nmc-0951,cell_type,full cell,half cell,half-cell rule: a Li metal or Li-In alloy counter electrode makes the cell a half cell; the paper's term kept in cell_type_as_reported,2026-09-17
records.csv,nmc-0951,source_license,CC-BY-4.0,cc-by-4.0,license identifier lowercased,2026-09-17
records.csv,nmc-0840,source_license,CC-BY-4.0,cc-by-4.0,license identifier lowercased,2026-09-17
records.csv,nmc-1615,source_license,CC-BY-4.0,cc-by-4.0,license identifier lowercased,2026-09-17
records.csv,nmc-1062,source_license,CC-BY-4.0,cc-by-4.0,license identifier lowercased,2026-09-17
records.csv,nmc-0948,cell_type,full cell,half cell,half-cell rule: a Li metal or Li-In alloy counter electrode makes the cell a half cell; the paper's term kept in cell_type_as_reported,2026-09-17
records.csv,nmc-0948,source_license,CC-BY-4.0,cc-by-4.0,license identifier lowercased,2026-09-17
records.csv,nmc-1246,cell_type,full cell,half cell,half-cell rule: a Li metal or Li-In alloy counter electrode makes the cell a half cell; the paper's term kept in cell_type_as_reported,2026-09-17
records.csv,nmc-1246,source_license,CC-BY-4.0,cc-by-4.0,license identifier lowercased,2026-09-17
records.csv,nmc-0676,source_license,CC-BY-4.0,cc-by-4.0,license identifier lowercased,2026-09-17
records.csv,nmc-0435,source_license,CC-BY-4.0,cc-by-4.0,license identifier lowercased,2026-09-17
records.csv,nmc-0621,cell_type,full cell,half cell,half-cell rule: a Li metal or Li-In alloy counter electrode makes the cell a half cell; the paper's term kept in cell_type_as_reported,2026-09-17
records.csv,nmc-0621,source_license,CC-BY-4.0,cc-by-4.0,license identifier lowercased,2026-09-17
records.csv,nmc-0640,source_license,CC-BY-4.0,cc-by-4.0,license identifier lowercased,2026-09-17
records.csv,nmc-1931,cell_type,not_reported,half cell,"half-cell rule: a Li metal or Li-In alloy counter electrode makes the cell a half cell; cell type was not reported, cell_type_as_reported keeps not_reported",2026-09-17
records.csv,nmc-1931,source_license,CC-BY-4.0,cc-by-4.0,license identifier lowercased,2026-09-17
records.csv,nmc-0548,source_license,CC-BY-4.0,cc-by-4.0,license identifier lowercased,2026-09-17
records.csv,nmc-0973,source_license,CC-BY-4.0,cc-by-4.0,license identifier lowercased,2026-09-17
records.csv,nmc-1440,source_license,CC-BY-4.0,cc-by-4.0,license identifier lowercased,2026-09-17
records.csv,nmc-0867,source_license,CC-BY-4.0,cc-by-4.0,license identifier lowercased,2026-09-17
records.csv,nmc-0476,cell_type,full cell,half cell,half-cell rule: a Li metal or Li-In alloy counter electrode makes the cell a half cell; the paper's term kept in cell_type_as_reported,2026-09-17
records.csv,nmc-0476,source_license,CC-BY-4.0,cc-by-4.0,license identifier lowercased,2026-09-17
records.csv,nmc-0980,source_license,CC-BY-4.0,cc-by-4.0,license identifier lowercased,2026-09-17
records.csv,nmc-1446,source_license,CC-BY-4.0,cc-by-4.0,license identifier lowercased,2026-09-17
records.csv,nmc-0970,source_license,CC-BY-4.0,cc-by-4.0,license identifier lowercased,2026-09-17
records.csv,nmc-1437,source_license,CC-BY-4.0,cc-by-4.0,license identifier lowercased,2026-09-17
records.csv,nmc-0264,source_license,CC-BY-4.0,cc-by-4.0,license identifier lowercased,2026-09-17
records.csv,nmc-0399,source_license,CC-BY-4.0,cc-by-4.0,license identifier lowercased,2026-09-17
records.csv,nmc-0553,source_license,CC-BY-4.0,cc-by-4.0,license identifier lowercased,2026-09-17
records.csv,nmc-0134,source_license,CC-BY-4.0,cc-by-4.0,license identifier lowercased,2026-09-17
records.csv,nmc-1672,source_license,CC-BY-4.0,cc-by-4.0,license identifier lowercased,2026-09-17
records.csv,nmc-0478,cell_type,full cell,half cell,half-cell rule: a Li metal or Li-In alloy counter electrode makes the cell a half cell; the paper's term kept in cell_type_as_reported,2026-09-17
records.csv,nmc-0478,source_license,CC-BY-4.0,cc-by-4.0,license identifier lowercased,2026-09-17
records.csv,nmc-0969,source_license,CC-BY-4.0,cc-by-4.0,license identifier lowercased,2026-09-17
records.csv,nmc-1436,source_license,CC-BY-4.0,cc-by-4.0,license identifier lowercased,2026-09-17
records.csv,nmc-1300,cell_type,full cell,half cell,half-cell rule: a Li metal or Li-In alloy counter electrode makes the cell a half cell; the paper's term kept in cell_type_as_reported,2026-09-17
records.csv,nmc-1300,source_license,CC-BY-4.0,cc-by-4.0,license identifier lowercased,2026-09-17
records.csv,nmc-1661,source_license,CC-BY-4.0,cc-by-4.0,license identifier lowercased,2026-09-17
records.csv,nmc-0203,source_license,CC-BY-4.0,cc-by-4.0,license identifier lowercased,2026-09-17
records.csv,nmc-1733,source_license,CC-BY-4.0,cc-by-4.0,license identifier lowercased,2026-09-17
records.csv,nmc-0695,source_license,CC-BY-4.0,cc-by-4.0,license identifier lowercased,2026-09-17
records.csv,nmc-1674,source_license,CC-BY-4.0,cc-by-4.0,license identifier lowercased,2026-09-17
records.csv,nmc-0323,source_license,CC-BY-4.0,cc-by-4.0,license identifier lowercased,2026-09-17
records.csv,nmc-1375,source_license,CC-BY-4.0,cc-by-4.0,license identifier lowercased,2026-09-17
records.csv,nmc-1867,source_license,CC-BY-4.0,cc-by-4.0,license identifier lowercased,2026-09-17
records.csv,nmc-1209,source_license,CC-BY-4.0,cc-by-4.0,license identifier lowercased,2026-09-17
records.csv,nmc-1151,source_license,CC-BY-4.0,cc-by-4.0,license identifier lowercased,2026-09-17
records.csv,nmc-0265,source_license,CC-BY-4.0,cc-by-4.0,license identifier lowercased,2026-09-17
records.csv,nmc-1030,cell_type,full cell,half cell,half-cell rule: a Li metal or Li-In alloy counter electrode makes the cell a half cell; the paper's term kept in cell_type_as_reported,2026-09-17
records.csv,nmc-1030,source_license,CC-BY-4.0,cc-by-4.0,license identifier lowercased,2026-09-17
records.csv,nmc-0142,source_license,CC-BY-4.0,cc-by-4.0,license identifier lowercased,2026-09-17
records.csv,nmc-0143,source_license,CC-BY-4.0,cc-by-4.0,license identifier lowercased,2026-09-17
records.csv,nmc-0984,source_license,CC-BY-4.0,cc-by-4.0,license identifier lowercased,2026-09-17
records.csv,nmc-0394,cell_type,not_reported,half cell,"half-cell rule: a Li metal or Li-In alloy counter electrode makes the cell a half cell; cell type was not reported, cell_type_as_reported keeps not_reported",2026-09-17
records.csv,nmc-0394,source_license,CC-BY-4.0,cc-by-4.0,license identifier lowercased,2026-09-17
records.csv,nmc-0396,cell_type,not_reported,half cell,"half-cell rule: a Li metal or Li-In alloy counter electrode makes the cell a half cell; cell type was not reported, cell_type_as_reported keeps not_reported",2026-09-17
records.csv,nmc-0396,source_license,CC-BY-4.0,cc-by-4.0,license identifier lowercased,2026-09-17
records.csv,nmc-1727,source_license,CC-BY-4.0,cc-by-4.0,license identifier lowercased,2026-09-17
records.csv,nmc-0061,source_license,CC-BY-4.0,cc-by-4.0,license identifier lowercased,2026-09-17
records.csv,nmc-0133,source_license,CC-BY-4.0,cc-by-4.0,license identifier lowercased,2026-09-17
records.csv,nmc-1054,source_license,CC-BY-4.0,cc-by-4.0,license identifier lowercased,2026-09-17
records.csv,nmc-0092,source_license,CC-BY-4.0,cc-by-4.0,license identifier lowercased,2026-09-17
records.csv,nmc-1063,source_license,CC-BY-4.0,cc-by-4.0,license identifier lowercased,2026-09-17
records.csv,nmc-1784,source_license,CC-BY-4.0,cc-by-4.0,license identifier lowercased,2026-09-17
records.csv,nmc-1139,source_license,CC-BY-4.0,cc-by-4.0,license identifier lowercased,2026-09-17
records.csv,nmc-0704,source_license,CC-BY-4.0,cc-by-4.0,license identifier lowercased,2026-09-17
records.csv,nmc-1164,source_license,CC-BY-4.0,cc-by-4.0,license identifier lowercased,2026-09-17
records.csv,nmc-0443,source_license,CC-BY-4.0,cc-by-4.0,license identifier lowercased,2026-09-17
records.csv,nmc-0022,source_license,CC-BY-4.0,cc-by-4.0,license identifier lowercased,2026-09-17
records.csv,nmc-0015,source_license,CC-BY-4.0,cc-by-4.0,license identifier lowercased,2026-09-17
records.csv,nmc-1673,source_license,CC-BY-4.0,cc-by-4.0,license identifier lowercased,2026-09-17
records.csv,nmc-0927,cell_type,full cell,half cell,half-cell rule: a Li metal or Li-In alloy counter electrode makes the cell a half cell; the paper's term kept in cell_type_as_reported,2026-09-17
records.csv,nmc-0927,source_license,CC-BY-4.0,cc-by-4.0,license identifier lowercased,2026-09-17
records.csv,nmc-1156,source_license,CC-BY-4.0,cc-by-4.0,license identifier lowercased,2026-09-17
records.csv,nmc-0610,source_license,CC-BY-4.0,cc-by-4.0,license identifier lowercased,2026-09-17
records.csv,nmc-0524,active_material_wt_pct,92,92.5,"decimal rule: electrode_ratio_raw explicitly gives a decimal wt% for the component, so the paper-stated decimal replaces the rounded whole-number extraction; paper: 'active materials, super P … and polyvinylidene fluoride in a weight ratio of 92.5:4.5:3'",2026-09-17
records.csv,nmc-0524,source_license,CC-BY-4.0,cc-by-4.0,license identifier lowercased,2026-09-17
records.csv,nmc-0199,source_license,CC-BY-4.0,cc-by-4.0,license identifier lowercased,2026-09-17
records.csv,nmc-1907,source_license,CC-BY-4.0,cc-by-4.0,license identifier lowercased,2026-09-17
records.csv,nmc-0675,source_license,CC-BY-4.0,cc-by-4.0,license identifier lowercased,2026-09-17
records.csv,nmc-1803,source_license,CC-BY-4.0,cc-by-4.0,license identifier lowercased,2026-09-17
records.csv,nmc-0602,source_license,CC-BY-4.0,cc-by-4.0,license identifier lowercased,2026-09-17
records.csv,nmc-1425,source_license,CC-BY-4.0,cc-by-4.0,license identifier lowercased,2026-09-17
records.csv,nmc-0652,source_license,CC-BY-4.0,cc-by-4.0,license identifier lowercased,2026-09-17
records.csv,nmc-0432,source_license,CC-BY-4.0,cc-by-4.0,license identifier lowercased,2026-09-17
records.csv,nmc-1008,source_license,CC-BY-4.0,cc-by-4.0,license identifier lowercased,2026-09-17
records.csv,nmc-1859,source_license,CC-BY-4.0,cc-by-4.0,license identifier lowercased,2026-09-17
records.csv,nmc-0329,source_license,CC-BY-4.0,cc-by-4.0,license identifier lowercased,2026-09-17
records.csv,nmc-1564,source_license,CC-BY-4.0,cc-by-4.0,license identifier lowercased,2026-09-17
records.csv,nmc-0543,source_license,CC-BY-4.0,cc-by-4.0,license identifier lowercased,2026-09-17
records.csv,nmc-0928,cell_type,full cell,half cell,half-cell rule: a Li metal or Li-In alloy counter electrode makes the cell a half cell; the paper's term kept in cell_type_as_reported,2026-09-17
records.csv,nmc-0928,source_license,CC-BY-4.0,cc-by-4.0,license identifier lowercased,2026-09-17
records.csv,nmc-1122,source_license,CC-BY-4.0,cc-by-4.0,license identifier lowercased,2026-09-17
records.csv,nmc-0656,source_license,CC-BY-4.0,cc-by-4.0,license identifier lowercased,2026-09-17
records.csv,nmc-0729,cell_type,not_reported,half cell,"half-cell rule: a Li metal or Li-In alloy counter electrode makes the cell a half cell; cell type was not reported, cell_type_as_reported keeps not_reported",2026-09-17
records.csv,nmc-0729,source_license,CC-BY-4.0,cc-by-4.0,license identifier lowercased,2026-09-17
records.csv,nmc-0599,source_license,CC-BY-4.0,cc-by-4.0,license identifier lowercased,2026-09-17
records.csv,nmc-1760,source_license,CC-BY-4.0,cc-by-4.0,license identifier lowercased,2026-09-17
records.csv,nmc-0567,source_license,CC-BY-4.0,cc-by-4.0,license identifier lowercased,2026-09-17
records.csv,nmc-1565,source_license,CC-BY-4.0,cc-by-4.0,license identifier lowercased,2026-09-17
records.csv,nmc-1632,source_license,CC-BY-4.0,cc-by-4.0,license identifier lowercased,2026-09-17
records.csv,nmc-1658,source_license,CC-BY-4.0,cc-by-4.0,license identifier lowercased,2026-09-17
records.csv,nmc-0270,source_license,CC-BY-4.0,cc-by-4.0,license identifier lowercased,2026-09-17
records.csv,nmc-0922,cell_type,full cell,half cell,half-cell rule: a Li metal or Li-In alloy counter electrode makes the cell a half cell; the paper's term kept in cell_type_as_reported,2026-09-17
records.csv,nmc-0922,source_license,CC-BY-4.0,cc-by-4.0,license identifier lowercased,2026-09-17
records.csv,nmc-1260,source_license,CC-BY-4.0,cc-by-4.0,license identifier lowercased,2026-09-17
records.csv,nmc-1686,source_license,CC-BY-4.0,cc-by-4.0,license identifier lowercased,2026-09-17
records.csv,nmc-1694,source_license,CC-BY-4.0,cc-by-4.0,license identifier lowercased,2026-09-17
records.csv,nmc-0496,source_license,CC-BY-4.0,cc-by-4.0,license identifier lowercased,2026-09-17
records.csv,nmc-1211,source_license,CC-BY-4.0,cc-by-4.0,license identifier lowercased,2026-09-17
records.csv,nmc-0833,source_license,CC-BY-4.0,cc-by-4.0,license identifier lowercased,2026-09-17
records.csv,nmc-0740,source_license,CC-BY-4.0,cc-by-4.0,license identifier lowercased,2026-09-17
records.csv,nmc-1566,source_license,CC-BY-4.0,cc-by-4.0,license identifier lowercased,2026-09-17
records.csv,nmc-0236,conductive_additive_wt_pct,5,10,rule Σ: explicitly named conductive additives summed (super-P 5 + KS-6 5),2026-09-17
records.csv,nmc-0236,source_license,CC-BY-4.0,cc-by-4.0,license identifier lowercased,2026-09-17
records.csv,nmc-1360,cell_type,not_reported,half cell,"half-cell rule: a Li metal or Li-In alloy counter electrode makes the cell a half cell; cell type was not reported, cell_type_as_reported keeps not_reported",2026-09-17
records.csv,nmc-1360,source_license,CC-BY-4.0,cc-by-4.0,license identifier lowercased,2026-09-17
records.csv,nmc-0331,source_license,CC-BY-4.0,cc-by-4.0,license identifier lowercased,2026-09-17
records.csv,nmc-0407,source_license,CC-BY-4.0,cc-by-4.0,license identifier lowercased,2026-09-17
records.csv,nmc-0600,source_license,CC-BY-4.0,cc-by-4.0,license identifier lowercased,2026-09-17
records.csv,nmc-0018,source_license,CC-BY-4.0,cc-by-4.0,license identifier lowercased,2026-09-17
records.csv,nmc-1726,source_license,CC-BY-4.0,cc-by-4.0,license identifier lowercased,2026-09-17
records.csv,nmc-1734,source_license,CC-BY-4.0,cc-by-4.0,license identifier lowercased,2026-09-17
records.csv,nmc-0853,source_license,CC-BY-4.0,cc-by-4.0,license identifier lowercased,2026-09-17
records.csv,nmc-1969,cell_type,full cell,half cell,half-cell rule: a Li metal or Li-In alloy counter electrode makes the cell a half cell; the paper's term kept in cell_type_as_reported,2026-09-17
records.csv,nmc-1969,source_license,CC-BY-4.0,cc-by-4.0,license identifier lowercased,2026-09-17
records.csv,nmc-1974,cell_type,full cell,half cell,half-cell rule: a Li metal or Li-In alloy counter electrode makes the cell a half cell; the paper's term kept in cell_type_as_reported,2026-09-17
records.csv,nmc-1974,source_license,CC-BY-4.0,cc-by-4.0,license identifier lowercased,2026-09-17
records.csv,nmc-1797,source_license,CC-BY-4.0,cc-by-4.0,license identifier lowercased,2026-09-17
records.csv,nmc-0093,cell_type,full cell,half cell,half-cell rule: a Li metal or Li-In alloy counter electrode makes the cell a half cell; the paper's term kept in cell_type_as_reported,2026-09-17
records.csv,nmc-0093,source_license,CC-BY-4.0,cc-by-4.0,license identifier lowercased,2026-09-17
records.csv,nmc-1842,cell_type,full cell,half cell,half-cell rule: a Li metal or Li-In alloy counter electrode makes the cell a half cell; the paper's term kept in cell_type_as_reported,2026-09-17
records.csv,nmc-1842,source_license,CC-BY-4.0,cc-by-4.0,license identifier lowercased,2026-09-17
records.csv,nmc-1841,cell_type,full cell,half cell,half-cell rule: a Li metal or Li-In alloy counter electrode makes the cell a half cell; the paper's term kept in cell_type_as_reported,2026-09-17
records.csv,nmc-1841,source_license,CC-BY-4.0,cc-by-4.0,license identifier lowercased,2026-09-17
records.csv,nmc-0944,cell_type,full cell,half cell,half-cell rule: a Li metal or Li-In alloy counter electrode makes the cell a half cell; the paper's term kept in cell_type_as_reported,2026-09-17
records.csv,nmc-0944,source_license,CC-BY-4.0,cc-by-4.0,license identifier lowercased,2026-09-17
records.csv,nmc-1080,source_license,CC-BY-4.0,cc-by-4.0,license identifier lowercased,2026-09-17
records.csv,nmc-1279,source_license,CC-BY-4.0,cc-by-4.0,license identifier lowercased,2026-09-17
records.csv,nmc-0294,cell_type,full cell,half cell,half-cell rule: a Li metal or Li-In alloy counter electrode makes the cell a half cell; the paper's term kept in cell_type_as_reported,2026-09-17
records.csv,nmc-0294,source_license,CC-BY-4.0,cc-by-4.0,license identifier lowercased,2026-09-17
records.csv,nmc-0299,cell_type,full cell,half cell,half-cell rule: a Li metal or Li-In alloy counter electrode makes the cell a half cell; the paper's term kept in cell_type_as_reported,2026-09-17
records.csv,nmc-0299,source_license,CC-BY-4.0,cc-by-4.0,license identifier lowercased,2026-09-17
records.csv,nmc-1368,cell_type,full cell,half cell,half-cell rule: a Li metal or Li-In alloy counter electrode makes the cell a half cell; the paper's term kept in cell_type_as_reported,2026-09-17
records.csv,nmc-1368,source_license,CC-BY-4.0,cc-by-4.0,license identifier lowercased,2026-09-17
records.csv,nmc-1758,source_license,CC-BY-4.0,cc-by-4.0,license identifier lowercased,2026-09-17
records.csv,nmc-1742,source_license,CC-BY-4.0,cc-by-4.0,license identifier lowercased,2026-09-17
records.csv,nmc-1552,source_license,CC-BY-4.0,cc-by-4.0,license identifier lowercased,2026-09-17
records.csv,nmc-0585,source_license,CC-BY-4.0,cc-by-4.0,license identifier lowercased,2026-09-17
records.csv,nmc-0136,source_license,CC-BY-4.0,cc-by-4.0,license identifier lowercased,2026-09-17
records.csv,nmc-1376,source_license,CC-BY-4.0,cc-by-4.0,license identifier lowercased,2026-09-17
records.csv,nmc-1134,active_material_wt_pct,96,95.5,"decimal rule: electrode_ratio_raw explicitly gives a decimal wt% for the component, so the paper-stated decimal replaces the rounded whole-number extraction; paper: 'The NMC811 cathode comprised 95.5 wt% of NMC811 particles, 2.5 wt% of PVdF, and 2 wt% of Super P'; raw order is AM:binder:CA, existing CA 2 and binder 2.5 verified correct",2026-09-17
records.csv,nmc-1134,source_license,CC-BY-4.0,cc-by-4.0,license identifier lowercased,2026-09-17
records.csv,nmc-0658,source_license,CC-BY-4.0,cc-by-4.0,license identifier lowercased,2026-09-17
records.csv,nmc-0697,source_license,CC-BY-4.0,cc-by-4.0,license identifier lowercased,2026-09-17
records.csv,nmc-0479,cell_type,full cell,half cell,half-cell rule: a Li metal or Li-In alloy counter electrode makes the cell a half cell; the paper's term kept in cell_type_as_reported,2026-09-17
records.csv,nmc-0479,source_license,CC-BY-4.0,cc-by-4.0,license identifier lowercased,2026-09-17
records.csv,nmc-0523,active_material_wt_pct,92,92.5,"decimal rule: electrode_ratio_raw explicitly gives a decimal wt% for the component, so the paper-stated decimal replaces the rounded whole-number extraction; paper: 'active materials, super P … and polyvinylidene fluoride in a weight ratio of 92.5:4.5:3'",2026-09-17
records.csv,nmc-0523,source_license,CC-BY-4.0,cc-by-4.0,license identifier lowercased,2026-09-17
records.csv,nmc-0813,source_license,CC-BY-4.0,cc-by-4.0,license identifier lowercased,2026-09-17
records.csv,nmc-1280,source_license,CC-BY-4.0,cc-by-4.0,license identifier lowercased,2026-09-17
records.csv,nmc-1465,source_license,CC-BY-4.0,cc-by-4.0,license identifier lowercased,2026-09-17
records.csv,nmc-0082,active_material_wt_pct,,99.8,"value omitted: paper 'electrodes containing 99.8 wt% NCM811 and only 0.2 wt% SWCNTs, acting as both conductive additive and binding agent'; binder left unchanged",2026-09-17
records.csv,nmc-0082,electrode_ratio_raw,not_reported,"electrodes containing 99.8 wt% NCM811 and only 0.2 wt% SWCNTs, acting as both conductive additive and binding agent",raw evidence filled: paper wording that establishes active_material_wt_pct 99.8 and conductive_additive_wt_pct 0.2,2026-09-17
records.csv,nmc-0082,source_license,CC-BY-4.0,cc-by-4.0,license identifier lowercased,2026-09-17
records.csv,nmc-1933,cell_type,not_reported,half cell,"half-cell rule: a Li metal or Li-In alloy counter electrode makes the cell a half cell; cell type was not reported, cell_type_as_reported keeps not_reported",2026-09-17
records.csv,nmc-1933,source_license,CC-BY-4.0,cc-by-4.0,license identifier lowercased,2026-09-17
records.csv,nmc-0568,active_material_wt_pct,93,92.6,"decimal rule: electrode_ratio_raw explicitly gives a decimal wt% for the component, so the paper-stated decimal replaces the rounded whole-number extraction; paper: 'NMC 622: carbon black: Na-CMC: TRD 202A = 92.6:2.8:1.8:2.8'",2026-09-17
records.csv,nmc-0568,source_license,CC-BY-4.0,cc-by-4.0,license identifier lowercased,2026-09-17
records.csv,nmc-0586,source_license,CC-BY-4.0,cc-by-4.0,license identifier lowercased,2026-09-17
records.csv,nmc-0311,source_license,CC-BY-4.0,cc-by-4.0,license identifier lowercased,2026-09-17
records.csv,nmc-1137,source_license,CC-BY-4.0,cc-by-4.0,license identifier lowercased,2026-09-17
records.csv,nmc-0056,source_license,CC-BY-4.0,cc-by-4.0,license identifier lowercased,2026-09-17
records.csv,nmc-1897,source_license,CC-BY-4.0,cc-by-4.0,license identifier lowercased,2026-09-17
records.csv,nmc-1347,cell_type,full cell,half cell,half-cell rule: a Li metal or Li-In alloy counter electrode makes the cell a half cell; the paper's term kept in cell_type_as_reported,2026-09-17
records.csv,nmc-1347,source_license,CC-BY-4.0,cc-by-4.0,license identifier lowercased,2026-09-17
records.csv,nmc-1527,cell_type,not_reported,half cell,"half-cell rule: a Li metal or Li-In alloy counter electrode makes the cell a half cell; cell type was not reported, cell_type_as_reported keeps not_reported",2026-09-17
records.csv,nmc-1527,source_license,CC-BY-4.0,cc-by-4.0,license identifier lowercased,2026-09-17
records.csv,nmc-0448,source_license,CC-BY-4.0,cc-by-4.0,license identifier lowercased,2026-09-17
records.csv,nmc-0802,source_license,CC-BY-4.0,cc-by-4.0,license identifier lowercased,2026-09-17
records.csv,nmc-1970,cell_type,full cell,half cell,half-cell rule: a Li metal or Li-In alloy counter electrode makes the cell a half cell; the paper's term kept in cell_type_as_reported,2026-09-17
records.csv,nmc-1970,source_license,CC-BY-4.0,cc-by-4.0,license identifier lowercased,2026-09-17
records.csv,nmc-1980,cell_type,full cell,half cell,half-cell rule: a Li metal or Li-In alloy counter electrode makes the cell a half cell; the paper's term kept in cell_type_as_reported,2026-09-17
records.csv,nmc-1980,source_license,CC-BY-4.0,cc-by-4.0,license identifier lowercased,2026-09-17
records.csv,nmc-1654,source_license,CC-BY-4.0,cc-by-4.0,license identifier lowercased,2026-09-17
records.csv,nmc-1120,source_license,CC-BY-4.0,cc-by-4.0,license identifier lowercased,2026-09-17
records.csv,nmc-1669,source_license,CC-BY-4.0,cc-by-4.0,license identifier lowercased,2026-09-17
records.csv,nmc-1817,cell_type,full cell,half cell,half-cell rule: a Li metal or Li-In alloy counter electrode makes the cell a half cell; the paper's term kept in cell_type_as_reported,2026-09-17
records.csv,nmc-1817,source_license,CC-BY-4.0,cc-by-4.0,license identifier lowercased,2026-09-17
records.csv,nmc-0654,source_license,CC-BY-4.0,cc-by-4.0,license identifier lowercased,2026-09-17
records.csv,nmc-1561,source_license,CC-BY-4.0,cc-by-4.0,license identifier lowercased,2026-09-17
records.csv,nmc-0756,source_license,CC-BY-4.0,cc-by-4.0,license identifier lowercased,2026-09-17
records.csv,nmc-0475,cell_type,full cell,half cell,half-cell rule: a Li metal or Li-In alloy counter electrode makes the cell a half cell; the paper's term kept in cell_type_as_reported,2026-09-17
records.csv,nmc-0475,source_license,CC-BY-4.0,cc-by-4.0,license identifier lowercased,2026-09-17
records.csv,nmc-1710,source_license,CC-BY-4.0,cc-by-4.0,license identifier lowercased,2026-09-17
records.csv,nmc-1520,cell_type,not_reported,half cell,"half-cell rule: a Li metal or Li-In alloy counter electrode makes the cell a half cell; cell type was not reported, cell_type_as_reported keeps not_reported",2026-09-17
records.csv,nmc-1520,source_license,CC-BY-4.0,cc-by-4.0,license identifier lowercased,2026-09-17
records.csv,nmc-0146,source_license,CC-BY-4.0,cc-by-4.0,license identifier lowercased,2026-09-17
records.csv,nmc-1546,source_license,CC-BY-4.0,cc-by-4.0,license identifier lowercased,2026-09-17
records.csv,nmc-0566,active_material_wt_pct,93,92.6,"decimal rule: electrode_ratio_raw explicitly gives a decimal wt% for the component, so the paper-stated decimal replaces the rounded whole-number extraction; paper: 'NMC 622: carbon black: Na-CMC: TRD 202A = 92.6:2.8:1.8:2.8'",2026-09-17
records.csv,nmc-0566,source_license,CC-BY-4.0,cc-by-4.0,license identifier lowercased,2026-09-17
records.csv,nmc-1703,source_license,CC-BY-4.0,cc-by-4.0,license identifier lowercased,2026-09-17
records.csv,nmc-0961,voltage_upper_vs_Li_V,4.32,4.3,paper-stated value preferred over derived value: '3.7 V ... vs. In/LiIn (4.3 V ... vs. Li/Li+)'; previous value was computed with the +0.62 V Li-In offset,2026-09-17
records.csv,nmc-0961,source_license,CC-BY-4.0,cc-by-4.0,license identifier lowercased,2026-09-17
records.csv,nmc-1670,source_license,CC-BY-4.0,cc-by-4.0,license identifier lowercased,2026-09-17
records.csv,nmc-1901,source_license,CC-BY-4.0,cc-by-4.0,license identifier lowercased,2026-09-17
records.csv,nmc-1059,source_license,CC-BY-4.0,cc-by-4.0,license identifier lowercased,2026-09-17
records.csv,nmc-1822,cell_type,full cell,half cell,half-cell rule: a Li metal or Li-In alloy counter electrode makes the cell a half cell; the paper's term kept in cell_type_as_reported,2026-09-17
records.csv,nmc-1822,source_license,CC-BY-4.0,cc-by-4.0,license identifier lowercased,2026-09-17
records.csv,nmc-1299,cell_type,full cell,half cell,half-cell rule: a Li metal or Li-In alloy counter electrode makes the cell a half cell; the paper's term kept in cell_type_as_reported,2026-09-17
records.csv,nmc-1299,source_license,CC-BY-4.0,cc-by-4.0,license identifier lowercased,2026-09-17
records.csv,nmc-0481,cell_type,full cell,half cell,half-cell rule: a Li metal or Li-In alloy counter electrode makes the cell a half cell; the paper's term kept in cell_type_as_reported,2026-09-17
records.csv,nmc-0481,source_license,CC-BY-4.0,cc-by-4.0,license identifier lowercased,2026-09-17
records.csv,nmc-1317,cell_type,full cell,half cell,half-cell rule: a Li metal or Li-In alloy counter electrode makes the cell a half cell; the paper's term kept in cell_type_as_reported,2026-09-17
records.csv,nmc-1317,source_license,CC-BY-4.0,cc-by-4.0,license identifier lowercased,2026-09-17
records.csv,nmc-0324,source_license,CC-BY-4.0,cc-by-4.0,license identifier lowercased,2026-09-17
records.csv,nmc-1581,source_license,CC-BY-4.0,cc-by-4.0,license identifier lowercased,2026-09-17
records.csv,nmc-0874,source_license,CC-BY-4.0,cc-by-4.0,license identifier lowercased,2026-09-17
records.csv,nmc-0403,source_license,CC-BY-4.0,cc-by-4.0,license identifier lowercased,2026-09-17
records.csv,nmc-0300,cell_type,full cell,half cell,half-cell rule: a Li metal or Li-In alloy counter electrode makes the cell a half cell; the paper's term kept in cell_type_as_reported,2026-09-17
records.csv,nmc-0300,source_license,CC-BY-4.0,cc-by-4.0,license identifier lowercased,2026-09-17
records.csv,nmc-1868,source_license,CC-BY-4.0,cc-by-4.0,license identifier lowercased,2026-09-17
records.csv,nmc-1732,source_license,CC-BY-4.0,cc-by-4.0,license identifier lowercased,2026-09-17
records.csv,nmc-1930,cell_type,not_reported,half cell,"half-cell rule: a Li metal or Li-In alloy counter electrode makes the cell a half cell; cell type was not reported, cell_type_as_reported keeps not_reported",2026-09-17
records.csv,nmc-1930,source_license,CC-BY-4.0,cc-by-4.0,license identifier lowercased,2026-09-17
records.csv,nmc-1982,source_license,CC-BY-4.0,cc-by-4.0,license identifier lowercased,2026-09-17
records.csv,nmc-1671,source_license,CC-BY-4.0,cc-by-4.0,license identifier lowercased,2026-09-17
records.csv,nmc-0573,source_license,CC-BY-4.0,cc-by-4.0,license identifier lowercased,2026-09-17
records.csv,nmc-0549,source_license,CC-BY-4.0,cc-by-4.0,license identifier lowercased,2026-09-17
records.csv,nmc-1881,source_license,CC-BY-4.0,cc-by-4.0,license identifier lowercased,2026-09-17
records.csv,nmc-0436,source_license,CC-BY-4.0,cc-by-4.0,license identifier lowercased,2026-09-17
records.csv,nmc-0158,source_license,CC-BY-4.0,cc-by-4.0,license identifier lowercased,2026-09-17
records.csv,nmc-1699,source_license,CC-BY-4.0,cc-by-4.0,license identifier lowercased,2026-09-17
records.csv,nmc-0839,source_license,CC-BY-4.0,cc-by-4.0,license identifier lowercased,2026-09-17
records.csv,nmc-0845,source_license,CC-BY-4.0,cc-by-4.0,license identifier lowercased,2026-09-17
records.csv,nmc-0055,source_license,CC-BY-4.0,cc-by-4.0,license identifier lowercased,2026-09-17
records.csv,nmc-0574,source_license,CC-BY-4.0,cc-by-4.0,license identifier lowercased,2026-09-17
records.csv,nmc-1858,cell_type,full cell,half cell,half-cell rule: a Li metal or Li-In alloy counter electrode makes the cell a half cell; the paper's term kept in cell_type_as_reported,2026-09-17
records.csv,nmc-1858,source_license,CC-BY-4.0,cc-by-4.0,license identifier lowercased,2026-09-17
records.csv,nmc-1339,cell_type,full cell,half cell,half-cell rule: a Li metal or Li-In alloy counter electrode makes the cell a half cell; the paper's term kept in cell_type_as_reported,2026-09-17
records.csv,nmc-1339,source_license,CC-BY-4.0,cc-by-4.0,license identifier lowercased,2026-09-17
records.csv,nmc-1496,source_license,CC-BY-4.0,cc-by-4.0,license identifier lowercased,2026-09-17
records.csv,nmc-0930,cell_type,full cell,half cell,half-cell rule: a Li metal or Li-In alloy counter electrode makes the cell a half cell; the paper's term kept in cell_type_as_reported,2026-09-17
records.csv,nmc-0930,source_license,CC-BY-4.0,cc-by-4.0,license identifier lowercased,2026-09-17
records.csv,nmc-0660,source_license,CC-BY-4.0,cc-by-4.0,license identifier lowercased,2026-09-17
records.csv,nmc-1676,source_license,CC-BY-4.0,cc-by-4.0,license identifier lowercased,2026-09-17
records.csv,nmc-0733,cell_type,not_reported,half cell,"half-cell rule: a Li metal or Li-In alloy counter electrode makes the cell a half cell; cell type was not reported, cell_type_as_reported keeps not_reported",2026-09-17
records.csv,nmc-0733,source_license,CC-BY-4.0,cc-by-4.0,license identifier lowercased,2026-09-17
records.csv,nmc-1302,source_license,CC-BY-4.0,cc-by-4.0,license identifier lowercased,2026-09-17
records.csv,nmc-1303,source_license,CC-BY-4.0,cc-by-4.0,license identifier lowercased,2026-09-17
records.csv,nmc-0295,cell_type,full cell,half cell,half-cell rule: a Li metal or Li-In alloy counter electrode makes the cell a half cell; the paper's term kept in cell_type_as_reported,2026-09-17
records.csv,nmc-0295,source_license,CC-BY-4.0,cc-by-4.0,license identifier lowercased,2026-09-17
records.csv,nmc-0723,source_license,CC-BY-4.0,cc-by-4.0,license identifier lowercased,2026-09-17
records.csv,nmc-1323,cell_type,full cell,half cell,half-cell rule: a Li metal or Li-In alloy counter electrode makes the cell a half cell; the paper's term kept in cell_type_as_reported,2026-09-17
records.csv,nmc-1323,source_license,CC-BY-4.0,cc-by-4.0,license identifier lowercased,2026-09-17
records.csv,nmc-1310,cell_type,full cell,half cell,half-cell rule: a Li metal or Li-In alloy counter electrode makes the cell a half cell; the paper's term kept in cell_type_as_reported,2026-09-17
records.csv,nmc-1310,source_license,CC-BY-4.0,cc-by-4.0,license identifier lowercased,2026-09-17
records.csv,nmc-1453,source_license,CC-BY-4.0,cc-by-4.0,license identifier lowercased,2026-09-17
records.csv,nmc-0831,source_license,CC-BY-4.0,cc-by-4.0,license identifier lowercased,2026-09-17
records.csv,nmc-0611,source_license,CC-BY-4.0,cc-by-4.0,license identifier lowercased,2026-09-17
records.csv,nmc-0467,source_license,CC-BY-4.0,cc-by-4.0,license identifier lowercased,2026-09-17
records.csv,nmc-0818,source_license,CC-BY-4.0,cc-by-4.0,license identifier lowercased,2026-09-17
records.csv,nmc-0712,active_material_wt_pct,11,,"extraction error: 11 appears nowhere in the paper; the Experimental section gives NMC622 '85–94 wt%' across all samples, so the active wt% of the 10 wt% cE electrode is not established; range kept in electrode_ratio_raw",2026-09-17
records.csv,nmc-0712,source_license,CC-BY-4.0,cc-by-4.0,license identifier lowercased,2026-09-17
records.csv,nmc-1802,source_license,CC-BY-4.0,cc-by-4.0,license identifier lowercased,2026-09-17
records.csv,nmc-1826,source_license,CC-BY-4.0,cc-by-4.0,license identifier lowercased,2026-09-17
records.csv,nmc-1827,source_license,CC-BY-4.0,cc-by-4.0,license identifier lowercased,2026-09-17
records.csv,nmc-0872,source_license,CC-BY-4.0,cc-by-4.0,license identifier lowercased,2026-09-17
records.csv,nmc-0010,conductive_additive_wt_pct,6,8,additive omitted: paper Table 2 groups Carbon Black and MWCNTs under 'Conductive Additive (wt%)' (88 / 8-x / x / 4); the stored value counted carbon black only; explicitly named conductive additives summed,2026-09-17
records.csv,nmc-0010,source_license,CC-BY-4.0,cc-by-4.0,license identifier lowercased,2026-09-17
records.csv,nmc-0978,source_license,CC-BY-4.0,cc-by-4.0,license identifier lowercased,2026-09-17
records.csv,nmc-1445,source_license,CC-BY-4.0,cc-by-4.0,license identifier lowercased,2026-09-17
records.csv,nmc-1055,source_license,CC-BY-4.0,cc-by-4.0,license identifier lowercased,2026-09-17
records.csv,nmc-1675,source_license,CC-BY-4.0,cc-by-4.0,license identifier lowercased,2026-09-17
records.csv,nmc-1049,source_license,CC-BY-4.0,cc-by-4.0,license identifier lowercased,2026-09-17
records.csv,nmc-0799,source_license,CC-BY-4.0,cc-by-4.0,license identifier lowercased,2026-09-17
records.csv,nmc-0801,source_license,CC-BY-4.0,cc-by-4.0,license identifier lowercased,2026-09-17
records.csv,nmc-1267,source_license,CC-BY-4.0,cc-by-4.0,license identifier lowercased,2026-09-17
records.csv,nmc-1420,source_license,CC-BY-4.0,cc-by-4.0,license identifier lowercased,2026-09-17
records.csv,nmc-0135,source_license,CC-BY-4.0,cc-by-4.0,license identifier lowercased,2026-09-17
records.csv,nmc-0957,voltage_upper_vs_Li_V,4.32,4.3,paper-stated value preferred over derived value: '3.7 V ... vs. In/LiIn (4.3 V ... vs. Li/Li+)'; previous value was computed with the +0.62 V Li-In offset,2026-09-17
records.csv,nmc-0957,conductive_additive_wt_pct,,3,"value omitted: paper 'relative weight ratio of AM:CA:SE = 67:3:30 (active material = AM, conducting additive = CA, solid electrolyte = SE)'",2026-09-17
records.csv,nmc-0957,source_license,CC-BY-4.0,cc-by-4.0,license identifier lowercased,2026-09-17
records.csv,nmc-0960,voltage_upper_vs_Li_V,4.32,4.3,paper-stated value preferred over derived value: '3.7 V ... vs. In/LiIn (4.3 V ... vs. Li/Li+)'; previous value was computed with the +0.62 V Li-In offset,2026-09-17
records.csv,nmc-0960,source_license,CC-BY-4.0,cc-by-4.0,license identifier lowercased,2026-09-17
records.csv,nmc-0067,source_license,CC-BY-4.0,cc-by-4.0,license identifier lowercased,2026-09-17
records.csv,nmc-0555,source_license,CC-BY-4.0,cc-by-4.0,license identifier lowercased,2026-09-17
records.csv,nmc-0873,source_license,CC-BY-4.0,cc-by-4.0,license identifier lowercased,2026-09-17
records.csv,nmc-0647,source_license,CC-BY-4.0,cc-by-4.0,license identifier lowercased,2026-09-17
records.csv,nmc-0410,source_license,CC-BY-4.0,cc-by-4.0,license identifier lowercased,2026-09-17
records.csv,nmc-1084,source_license,CC-BY-4.0,cc-by-4.0,license identifier lowercased,2026-09-17
records.csv,nmc-0041,cell_type,full cell,half cell,half-cell rule: a Li metal or Li-In alloy counter electrode makes the cell a half cell; the paper's term kept in cell_type_as_reported,2026-09-17
records.csv,nmc-0041,source_license,CC-BY-4.0,cc-by-4.0,license identifier lowercased,2026-09-17
records.csv,nmc-1521,cell_type,not_reported,half cell,"half-cell rule: a Li metal or Li-In alloy counter electrode makes the cell a half cell; cell type was not reported, cell_type_as_reported keeps not_reported",2026-09-17
records.csv,nmc-1521,source_license,CC-BY-4.0,cc-by-4.0,license identifier lowercased,2026-09-17
records.csv,nmc-1534,cell_type,not_reported,half cell,"half-cell rule: a Li metal or Li-In alloy counter electrode makes the cell a half cell; cell type was not reported, cell_type_as_reported keeps not_reported",2026-09-17
records.csv,nmc-1534,source_license,CC-BY-4.0,cc-by-4.0,license identifier lowercased,2026-09-17
records.csv,nmc-0278,source_license,CC-BY-4.0,cc-by-4.0,license identifier lowercased,2026-09-17
records.csv,nmc-1430,source_license,CC-BY-4.0,cc-by-4.0,license identifier lowercased,2026-09-17
records.csv,nmc-1730,source_license,CC-BY-4.0,cc-by-4.0,license identifier lowercased,2026-09-17
records.csv,nmc-0362,source_license,CC-BY-4.0,cc-by-4.0,license identifier lowercased,2026-09-17
records.csv,nmc-0569,active_material_wt_pct,93,92.6,"decimal rule: electrode_ratio_raw explicitly gives a decimal wt% for the component, so the paper-stated decimal replaces the rounded whole-number extraction; paper: 'NMC 622: carbon black: Na-CMC: TRD 202A = 92.6:2.8:1.8:2.8'",2026-09-17
records.csv,nmc-0569,source_license,CC-BY-4.0,cc-by-4.0,license identifier lowercased,2026-09-17
records.csv,nmc-0570,active_material_wt_pct,93,92.6,"decimal rule: electrode_ratio_raw explicitly gives a decimal wt% for the component, so the paper-stated decimal replaces the rounded whole-number extraction; paper: 'NMC 622: carbon black: Na-CMC: TRD 202A = 92.6:2.8:1.8:2.8'",2026-09-17
records.csv,nmc-0570,source_license,CC-BY-4.0,cc-by-4.0,license identifier lowercased,2026-09-17
records.csv,nmc-1068,source_license,CC-BY-4.0,cc-by-4.0,license identifier lowercased,2026-09-17
records.csv,nmc-1616,source_license,CC-BY-4.0,cc-by-4.0,license identifier lowercased,2026-09-17
records.csv,nmc-1882,source_license,CC-BY-4.0,cc-by-4.0,license identifier lowercased,2026-09-17
records.csv,nmc-0474,cell_type,full cell,half cell,half-cell rule: a Li metal or Li-In alloy counter electrode makes the cell a half cell; the paper's term kept in cell_type_as_reported,2026-09-17
records.csv,nmc-0474,source_license,CC-BY-4.0,cc-by-4.0,license identifier lowercased,2026-09-17
records.csv,nmc-1228,source_license,CC-BY-4.0,cc-by-4.0,license identifier lowercased,2026-09-17
records.csv,nmc-1316,cell_type,full cell,half cell,half-cell rule: a Li metal or Li-In alloy counter electrode makes the cell a half cell; the paper's term kept in cell_type_as_reported,2026-09-17
records.csv,nmc-1316,source_license,CC-BY-4.0,cc-by-4.0,license identifier lowercased,2026-09-17
records.csv,nmc-0576,source_license,CC-BY-4.0,cc-by-4.0,license identifier lowercased,2026-09-17
records.csv,nmc-0757,source_license,CC-BY-4.0,cc-by-4.0,license identifier lowercased,2026-09-17
records.csv,nmc-1463,source_license,CC-BY-4.0,cc-by-4.0,license identifier lowercased,2026-09-17
records.csv,nmc-1247,cell_type,full cell,half cell,half-cell rule: a Li metal or Li-In alloy counter electrode makes the cell a half cell; the paper's term kept in cell_type_as_reported,2026-09-17
records.csv,nmc-1247,source_license,CC-BY-4.0,cc-by-4.0,license identifier lowercased,2026-09-17
records.csv,nmc-1380,source_license,CC-BY-4.0,cc-by-4.0,license identifier lowercased,2026-09-17
records.csv,nmc-1569,source_license,CC-BY-4.0,cc-by-4.0,license identifier lowercased,2026-09-17
records.csv,nmc-1570,source_license,CC-BY-4.0,cc-by-4.0,license identifier lowercased,2026-09-17
records.csv,nmc-1435,source_license,CC-BY-4.0,cc-by-4.0,license identifier lowercased,2026-09-17
records.csv,nmc-1568,source_license,CC-BY-4.0,cc-by-4.0,license identifier lowercased,2026-09-17
records.csv,nmc-0575,source_license,CC-BY-4.0,cc-by-4.0,license identifier lowercased,2026-09-17
records.csv,nmc-1567,source_license,CC-BY-4.0,cc-by-4.0,license identifier lowercased,2026-09-17
records.csv,nmc-0320,source_license,CC-BY-4.0,cc-by-4.0,license identifier lowercased,2026-09-17
records.csv,nmc-0953,cell_type,full cell,half cell,half-cell rule: a Li metal or Li-In alloy counter electrode makes the cell a half cell; the paper's term kept in cell_type_as_reported,2026-09-17
records.csv,nmc-0953,source_license,CC-BY-4.0,cc-by-4.0,license identifier lowercased,2026-09-17
records.csv,nmc-0301,cell_type,full cell,half cell,half-cell rule: a Li metal or Li-In alloy counter electrode makes the cell a half cell; the paper's term kept in cell_type_as_reported,2026-09-17
records.csv,nmc-0301,source_license,CC-BY-4.0,cc-by-4.0,license identifier lowercased,2026-09-17
records.csv,nmc-1946,source_license,CC-BY-4.0,cc-by-4.0,license identifier lowercased,2026-09-17
records.csv,nmc-0088,source_license,CC-BY-4.0,cc-by-4.0,license identifier lowercased,2026-09-17
records.csv,nmc-0091,source_license,CC-BY-4.0,cc-by-4.0,license identifier lowercased,2026-09-17
records.csv,nmc-0095,counter_electrode,In-Li alloy,Li-In,Li-In variants normalized; papers establish an In-Li alloy counter electrode; the original wording is the old value in this log,2026-09-17
records.csv,nmc-0095,cell_type,full cell,half cell,half-cell rule: a Li metal or Li-In alloy counter electrode makes the cell a half cell; the paper's term kept in cell_type_as_reported,2026-09-17
records.csv,nmc-0095,source_license,CC-BY-4.0,cc-by-4.0,license identifier lowercased,2026-09-17
records.csv,nmc-1104,source_license,CC-BY-4.0,cc-by-4.0,license identifier lowercased,2026-09-17
records.csv,nmc-1365,cell_type,not_reported,half cell,"half-cell rule: a Li metal or Li-In alloy counter electrode makes the cell a half cell; cell type was not reported, cell_type_as_reported keeps not_reported",2026-09-17
records.csv,nmc-1365,source_license,CC-BY-4.0,cc-by-4.0,license identifier lowercased,2026-09-17
records.csv,nmc-0544,source_license,CC-BY-4.0,cc-by-4.0,license identifier lowercased,2026-09-17
records.csv,nmc-1138,source_license,CC-BY-4.0,cc-by-4.0,license identifier lowercased,2026-09-17
records.csv,nmc-0482,cell_type,full cell,half cell,half-cell rule: a Li metal or Li-In alloy counter electrode makes the cell a half cell; the paper's term kept in cell_type_as_reported,2026-09-17
records.csv,nmc-0482,source_license,CC-BY-4.0,cc-by-4.0,license identifier lowercased,2026-09-17
records.csv,nmc-1210,source_license,CC-BY-4.0,cc-by-4.0,license identifier lowercased,2026-09-17
records.csv,nmc-0608,source_license,CC-BY-4.0,cc-by-4.0,license identifier lowercased,2026-09-17
records.csv,nmc-1123,source_license,CC-BY-4.0,cc-by-4.0,license identifier lowercased,2026-09-17
records.csv,nmc-0711,active_material_wt_pct,11,,"extraction error: 11 appears nowhere in the paper; the Experimental section gives NMC622 '85–94 wt%' across all samples, so the active wt% of the 10 wt% cE electrode is not established; range kept in electrode_ratio_raw",2026-09-17
records.csv,nmc-0711,source_license,CC-BY-4.0,cc-by-4.0,license identifier lowercased,2026-09-17
records.csv,nmc-0718,active_material_wt_pct,11,,"extraction error: 11 appears nowhere in the paper; the Experimental section gives NMC622 '85–94 wt%' across all samples, so the active wt% of the 10 wt% cE electrode is not established; range kept in electrode_ratio_raw",2026-09-17
records.csv,nmc-0718,source_license,CC-BY-4.0,cc-by-4.0,license identifier lowercased,2026-09-17
records.csv,nmc-0503,source_license,CC-BY-4.0,cc-by-4.0,license identifier lowercased,2026-09-17
records.csv,nmc-1725,source_license,CC-BY-4.0,cc-by-4.0,license identifier lowercased,2026-09-17
records.csv,nmc-1735,source_license,CC-BY-4.0,cc-by-4.0,license identifier lowercased,2026-09-17
records.csv,nmc-1979,cell_type,full cell,half cell,half-cell rule: a Li metal or Li-In alloy counter electrode makes the cell a half cell; the paper's term kept in cell_type_as_reported,2026-09-17
records.csv,nmc-1979,source_license,CC-BY-4.0,cc-by-4.0,license identifier lowercased,2026-09-17
records.csv,nmc-1932,cell_type,not_reported,half cell,"half-cell rule: a Li metal or Li-In alloy counter electrode makes the cell a half cell; cell type was not reported, cell_type_as_reported keeps not_reported",2026-09-17
records.csv,nmc-1932,source_license,CC-BY-4.0,cc-by-4.0,license identifier lowercased,2026-09-17
records.csv,nmc-1133,active_material_wt_pct,96,95.5,"decimal rule: electrode_ratio_raw explicitly gives a decimal wt% for the component, so the paper-stated decimal replaces the rounded whole-number extraction; paper: 'The NMC811 cathode comprised 95.5 wt% of NMC811 particles, 2.5 wt% of PVdF, and 2 wt% of Super P'; raw order is AM:binder:CA, existing CA 2 and binder 2.5 verified correct",2026-09-17
records.csv,nmc-1133,source_license,CC-BY-4.0,cc-by-4.0,license identifier lowercased,2026-09-17
records.csv,nmc-1324,cell_type,full cell,half cell,half-cell rule: a Li metal or Li-In alloy counter electrode makes the cell a half cell; the paper's term kept in cell_type_as_reported,2026-09-17
records.csv,nmc-1324,source_license,CC-BY-4.0,cc-by-4.0,license identifier lowercased,2026-09-17
records.csv,nmc-1896,source_license,CC-BY-4.0,cc-by-4.0,license identifier lowercased,2026-09-17
records.csv,nmc-0705,source_license,CC-BY-4.0,cc-by-4.0,license identifier lowercased,2026-09-17
records.csv,nmc-1664,source_license,CC-BY-4.0,cc-by-4.0,license identifier lowercased,2026-09-17
records.csv,nmc-1330,cell_type,full cell,half cell,half-cell rule: a Li metal or Li-In alloy counter electrode makes the cell a half cell; the paper's term kept in cell_type_as_reported,2026-09-17
records.csv,nmc-1330,source_license,CC-BY-4.0,cc-by-4.0,license identifier lowercased,2026-09-17
records.csv,nmc-1879,cell_type,full cell,half cell,half-cell rule: a Li metal or Li-In alloy counter electrode makes the cell a half cell; the paper's term kept in cell_type_as_reported,2026-09-17
records.csv,nmc-1879,source_license,CC-BY-4.0,cc-by-4.0,license identifier lowercased,2026-09-17
records.csv,nmc-1065,source_license,CC-BY-4.0,cc-by-4.0,license identifier lowercased,2026-09-17
records.csv,nmc-0444,source_license,CC-BY-4.0,cc-by-4.0,license identifier lowercased,2026-09-17
records.csv,nmc-0500,source_license,CC-BY-4.0,cc-by-4.0,license identifier lowercased,2026-09-17
records.csv,nmc-0130,source_license,CC-BY-4.0,cc-by-4.0,license identifier lowercased,2026-09-17
records.csv,nmc-0595,source_license,CC-BY-4.0,cc-by-4.0,license identifier lowercased,2026-09-17
records.csv,nmc-1649,source_license,CC-BY-4.0,cc-by-4.0,license identifier lowercased,2026-09-17
records.csv,nmc-0550,source_license,CC-BY-4.0,cc-by-4.0,license identifier lowercased,2026-09-17
records.csv,nmc-1377,source_license,CC-BY-4.0,cc-by-4.0,license identifier lowercased,2026-09-17
records.csv,nmc-1665,source_license,CC-BY-4.0,cc-by-4.0,license identifier lowercased,2026-09-17
records.csv,nmc-1874,cell_type,full cell,half cell,half-cell rule: a Li metal or Li-In alloy counter electrode makes the cell a half cell; the paper's term kept in cell_type_as_reported,2026-09-17
records.csv,nmc-1874,source_license,CC-BY-4.0,cc-by-4.0,license identifier lowercased,2026-09-17
records.csv,nmc-0400,source_license,CC-BY-4.0,cc-by-4.0,license identifier lowercased,2026-09-17
records.csv,nmc-0081,source_license,CC-BY-4.0,cc-by-4.0,license identifier lowercased,2026-09-17
records.csv,nmc-1947,source_license,CC-BY-4.0,cc-by-4.0,license identifier lowercased,2026-09-17
records.csv,nmc-1141,source_license,CC-BY-4.0,cc-by-4.0,license identifier lowercased,2026-09-17
records.csv,nmc-1718,source_license,CC-BY-4.0,cc-by-4.0,license identifier lowercased,2026-09-17
records.csv,nmc-1379,source_license,CC-BY-4.0,cc-by-4.0,license identifier lowercased,2026-09-17
records.csv,nmc-0497,source_license,CC-BY-4.0,cc-by-4.0,license identifier lowercased,2026-09-17
records.csv,nmc-0659,source_license,CC-BY-4.0,cc-by-4.0,license identifier lowercased,2026-09-17
records.csv,nmc-0949,cell_type,full cell,half cell,half-cell rule: a Li metal or Li-In alloy counter electrode makes the cell a half cell; the paper's term kept in cell_type_as_reported,2026-09-17
records.csv,nmc-0949,source_license,CC-BY-4.0,cc-by-4.0,license identifier lowercased,2026-09-17
records.csv,nmc-1060,source_license,CC-BY-4.0,cc-by-4.0,license identifier lowercased,2026-09-17
records.csv,nmc-1666,source_license,CC-BY-4.0,cc-by-4.0,license identifier lowercased,2026-09-17
records.csv,nmc-0645,source_license,CC-BY-4.0,cc-by-4.0,license identifier lowercased,2026-09-17
records.csv,nmc-0040,cell_type,full cell,half cell,half-cell rule: a Li metal or Li-In alloy counter electrode makes the cell a half cell; the paper's term kept in cell_type_as_reported,2026-09-17
records.csv,nmc-0040,source_license,CC-BY-4.0,cc-by-4.0,license identifier lowercased,2026-09-17
records.csv,nmc-0716,active_material_wt_pct,11,,"extraction error: 11 appears nowhere in the paper; the Experimental section gives NMC622 '85–94 wt%' across all samples, so the active wt% of the 10 wt% cE electrode is not established; range kept in electrode_ratio_raw",2026-09-17
records.csv,nmc-0716,source_license,CC-BY-4.0,cc-by-4.0,license identifier lowercased,2026-09-17
records.csv,nmc-1893,cell_type,full cell,half cell,half-cell rule: a Li metal or Li-In alloy counter electrode makes the cell a half cell; the paper's term kept in cell_type_as_reported,2026-09-17
records.csv,nmc-1893,source_license,CC-BY-4.0,cc-by-4.0,license identifier lowercased,2026-09-17
records.csv,nmc-0498,source_license,CC-BY-4.0,cc-by-4.0,license identifier lowercased,2026-09-17
records.csv,nmc-1152,source_license,CC-BY-4.0,cc-by-4.0,license identifier lowercased,2026-09-17
records.csv,nmc-0800,source_license,CC-BY-4.0,cc-by-4.0,license identifier lowercased,2026-09-17
records.csv,nmc-0372,cell_type,full cell,half cell,half-cell rule: a Li metal or Li-In alloy counter electrode makes the cell a half cell; the paper's term kept in cell_type_as_reported,2026-09-17
records.csv,nmc-0372,source_license,CC-BY-4.0,cc-by-4.0,license identifier lowercased,2026-09-17
records.csv,nmc-1818,cell_type,full cell,half cell,half-cell rule: a Li metal or Li-In alloy counter electrode makes the cell a half cell; the paper's term kept in cell_type_as_reported,2026-09-17
records.csv,nmc-1818,source_license,CC-BY-4.0,cc-by-4.0,license identifier lowercased,2026-09-17
records.csv,nmc-1902,source_license,CC-BY-4.0,cc-by-4.0,license identifier lowercased,2026-09-17
records.csv,nmc-1963,source_license,CC-BY-4.0,cc-by-4.0,license identifier lowercased,2026-09-17
records.csv,nmc-0245,source_license,CC-BY-4.0,cc-by-4.0,license identifier lowercased,2026-09-17
records.csv,nmc-1024,source_license,CC-BY-4.0,cc-by-4.0,license identifier lowercased,2026-09-17
records.csv,nmc-1308,cell_type,full cell,half cell,half-cell rule: a Li metal or Li-In alloy counter electrode makes the cell a half cell; the paper's term kept in cell_type_as_reported,2026-09-17
records.csv,nmc-1308,source_license,CC-BY-4.0,cc-by-4.0,license identifier lowercased,2026-09-17
records.csv,nmc-0296,cell_type,full cell,half cell,half-cell rule: a Li metal or Li-In alloy counter electrode makes the cell a half cell; the paper's term kept in cell_type_as_reported,2026-09-17
records.csv,nmc-0296,source_license,CC-BY-4.0,cc-by-4.0,license identifier lowercased,2026-09-17
records.csv,nmc-0437,source_license,CC-BY-4.0,cc-by-4.0,license identifier lowercased,2026-09-17
records.csv,nmc-1954,source_license,CC-BY-4.0,cc-by-4.0,license identifier lowercased,2026-09-17
records.csv,nmc-0577,source_license,CC-BY-4.0,cc-by-4.0,license identifier lowercased,2026-09-17
records.csv,nmc-1714,source_license,CC-BY-4.0,cc-by-4.0,license identifier lowercased,2026-09-17
records.csv,nmc-0646,source_license,CC-BY-4.0,cc-by-4.0,license identifier lowercased,2026-09-17
records.csv,nmc-0089,source_license,CC-BY-4.0,cc-by-4.0,license identifier lowercased,2026-09-17
records.csv,nmc-0612,source_license,CC-BY-4.0,cc-by-4.0,license identifier lowercased,2026-09-17
records.csv,nmc-0279,source_license,CC-BY-4.0,cc-by-4.0,license identifier lowercased,2026-09-17
records.csv,nmc-0438,source_license,CC-BY-4.0,cc-by-4.0,license identifier lowercased,2026-09-17
records.csv,nmc-1306,cell_type,full cell,half cell,half-cell rule: a Li metal or Li-In alloy counter electrode makes the cell a half cell; the paper's term kept in cell_type_as_reported,2026-09-17
records.csv,nmc-1306,source_license,CC-BY-4.0,cc-by-4.0,license identifier lowercased,2026-09-17
records.csv,nmc-1745,source_license,CC-BY-4.0,cc-by-4.0,license identifier lowercased,2026-09-17
records.csv,nmc-1724,source_license,CC-BY-4.0,cc-by-4.0,license identifier lowercased,2026-09-17
records.csv,nmc-0782,source_license,CC-BY-4.0,cc-by-4.0,license identifier lowercased,2026-09-17
records.csv,nmc-1912,source_license,CC-BY-4.0,cc-by-4.0,license identifier lowercased,2026-09-17
records.csv,nmc-0923,cell_type,full cell,half cell,half-cell rule: a Li metal or Li-In alloy counter electrode makes the cell a half cell; the paper's term kept in cell_type_as_reported,2026-09-17
records.csv,nmc-0923,source_license,CC-BY-4.0,cc-by-4.0,license identifier lowercased,2026-09-17
records.csv,nmc-0735,source_license,CC-BY-4.0,cc-by-4.0,license identifier lowercased,2026-09-17
records.csv,nmc-1904,source_license,CC-BY-4.0,cc-by-4.0,license identifier lowercased,2026-09-17
records.csv,nmc-0644,source_license,CC-BY-4.0,cc-by-4.0,license identifier lowercased,2026-09-17
records.csv,nmc-0408,source_license,CC-BY-4.0,cc-by-4.0,license identifier lowercased,2026-09-17
records.csv,nmc-1286,source_license,CC-BY-4.0,cc-by-4.0,license identifier lowercased,2026-09-17
records.csv,nmc-0302,cell_type,full cell,half cell,half-cell rule: a Li metal or Li-In alloy counter electrode makes the cell a half cell; the paper's term kept in cell_type_as_reported,2026-09-17
records.csv,nmc-0302,source_license,CC-BY-4.0,cc-by-4.0,license identifier lowercased,2026-09-17
records.csv,nmc-0145,source_license,CC-BY-4.0,cc-by-4.0,license identifier lowercased,2026-09-17
records.csv,nmc-1723,source_license,CC-BY-4.0,cc-by-4.0,license identifier lowercased,2026-09-17
records.csv,nmc-0837,source_license,CC-BY-4.0,cc-by-4.0,license identifier lowercased,2026-09-17
records.csv,nmc-1400,source_license,CC-BY-4.0,cc-by-4.0,license identifier lowercased,2026-09-17
records.csv,nmc-0724,cell_type,not_reported,half cell,"half-cell rule: a Li metal or Li-In alloy counter electrode makes the cell a half cell; cell type was not reported, cell_type_as_reported keeps not_reported",2026-09-17
records.csv,nmc-0724,source_license,CC-BY-4.0,cc-by-4.0,license identifier lowercased,2026-09-17
records.csv,nmc-1633,source_license,CC-BY-4.0,cc-by-4.0,license identifier lowercased,2026-09-17
records.csv,nmc-0153,source_license,CC-BY-4.0,cc-by-4.0,license identifier lowercased,2026-09-17
records.csv,nmc-0332,source_license,CC-BY-4.0,cc-by-4.0,license identifier lowercased,2026-09-17
records.csv,nmc-1064,source_license,CC-BY-4.0,cc-by-4.0,license identifier lowercased,2026-09-17
records.csv,nmc-0762,source_license,CC-BY-4.0,cc-by-4.0,license identifier lowercased,2026-09-17
records.csv,nmc-0312,source_license,CC-BY-4.0,cc-by-4.0,license identifier lowercased,2026-09-17
records.csv,nmc-0699,source_license,CC-BY-4.0,cc-by-4.0,license identifier lowercased,2026-09-17
records.csv,nmc-1311,cell_type,full cell,half cell,half-cell rule: a Li metal or Li-In alloy counter electrode makes the cell a half cell; the paper's term kept in cell_type_as_reported,2026-09-17
records.csv,nmc-1311,source_license,CC-BY-4.0,cc-by-4.0,license identifier lowercased,2026-09-17
records.csv,nmc-0882,active_material_wt_pct,28,,"wrong formulation attached: values came from the Cl-cHBC/graphite hybrid anode (80 wt.% active, 10 wt.% Super C45, 10 wt.% PVDF); 'same procedure' does not establish a composition when the referenced procedure contains formulation details that may belong specifically to the anode, so the cathode composition is not established (28 was unsupported under any reading)",2026-09-17
records.csv,nmc-0882,conductive_additive_wt_pct,10,,"wrong formulation attached: values came from the Cl-cHBC/graphite hybrid anode (80 wt.% active, 10 wt.% Super C45, 10 wt.% PVDF); 'same procedure' does not establish a composition when the referenced procedure contains formulation details that may belong specifically to the anode, so the cathode composition is not established",2026-09-17
records.csv,nmc-0882,binder_wt_pct,10,,"wrong formulation attached: values came from the Cl-cHBC/graphite hybrid anode (80 wt.% active, 10 wt.% Super C45, 10 wt.% PVDF); 'same procedure' does not establish a composition when the referenced procedure contains formulation details that may belong specifically to the anode, so the cathode composition is not established",2026-09-17
records.csv,nmc-0882,electrode_ratio_raw,"Cl-cHBC 40 wt.%, graphite 40 wt.%, Super C45 10 wt.%, PVDF 10 wt.%","not established for the cathode; paper: 'The SC-NCM811 cathode was prepared using the same procedure as described above, with the only difference being that it was cast onto aluminum foil.'","wrong formulation attached: values came from the Cl-cHBC/graphite hybrid anode (80 wt.% active, 10 wt.% Super C45, 10 wt.% PVDF); 'same procedure' does not establish a composition when the referenced procedure contains formulation details that may belong specifically to the anode, so the cathode composition is not established; anode composition text replaced by the paper's cathode sentence",2026-09-17
records.csv,nmc-0882,source_license,CC-BY-4.0,cc-by-4.0,license identifier lowercased,2026-09-17
records.csv,nmc-1083,source_license,CC-BY-4.0,cc-by-4.0,license identifier lowercased,2026-09-17
records.csv,nmc-1307,cell_type,full cell,half cell,half-cell rule: a Li metal or Li-In alloy counter electrode makes the cell a half cell; the paper's term kept in cell_type_as_reported,2026-09-17
records.csv,nmc-1307,source_license,CC-BY-4.0,cc-by-4.0,license identifier lowercased,2026-09-17
records.csv,nmc-0266,source_license,CC-BY-4.0,cc-by-4.0,license identifier lowercased,2026-09-17
records.csv,nmc-1511,cell_type,not_reported,half cell,"half-cell rule: a Li metal or Li-In alloy counter electrode makes the cell a half cell; cell type was not reported, cell_type_as_reported keeps not_reported",2026-09-17
records.csv,nmc-1511,source_license,CC-BY-4.0,cc-by-4.0,license identifier lowercased,2026-09-17
records.csv,nmc-1177,source_license,CC-BY-4.0,cc-by-4.0,license identifier lowercased,2026-09-17
records.csv,nmc-1181,source_license,CC-BY-4.0,cc-by-4.0,license identifier lowercased,2026-09-17
records.csv,nmc-1189,source_license,CC-BY-4.0,cc-by-4.0,license identifier lowercased,2026-09-17
records.csv,nmc-0398,source_license,CC-BY-4.0,cc-by-4.0,license identifier lowercased,2026-09-17
records.csv,nmc-0159,source_license,CC-BY-4.0,cc-by-4.0,license identifier lowercased,2026-09-17
records.csv,nmc-1613,source_license,CC-BY-4.0,cc-by-4.0,license identifier lowercased,2026-09-17
records.csv,nmc-1792,source_license,CC-BY-4.0,cc-by-4.0,license identifier lowercased,2026-09-17
records.csv,nmc-1318,cell_type,full cell,half cell,half-cell rule: a Li metal or Li-In alloy counter electrode makes the cell a half cell; the paper's term kept in cell_type_as_reported,2026-09-17
records.csv,nmc-1318,source_license,CC-BY-4.0,cc-by-4.0,license identifier lowercased,2026-09-17
records.csv,nmc-0945,cell_type,full cell,half cell,half-cell rule: a Li metal or Li-In alloy counter electrode makes the cell a half cell; the paper's term kept in cell_type_as_reported,2026-09-17
records.csv,nmc-0945,source_license,CC-BY-4.0,cc-by-4.0,license identifier lowercased,2026-09-17
records.csv,nmc-0200,source_license,CC-BY-4.0,cc-by-4.0,license identifier lowercased,2026-09-17
records.csv,nmc-1898,source_license,CC-BY-4.0,cc-by-4.0,license identifier lowercased,2026-09-17
records.csv,nmc-1362,cell_type,not_reported,half cell,"half-cell rule: a Li metal or Li-In alloy counter electrode makes the cell a half cell; cell type was not reported, cell_type_as_reported keeps not_reported",2026-09-17
records.csv,nmc-1362,source_license,CC-BY-4.0,cc-by-4.0,license identifier lowercased,2026-09-17
records.csv,nmc-1883,source_license,CC-BY-4.0,cc-by-4.0,license identifier lowercased,2026-09-17
records.csv,nmc-1962,source_license,CC-BY-4.0,cc-by-4.0,license identifier lowercased,2026-09-17
records.csv,nmc-1888,cell_type,full cell,half cell,half-cell rule: a Li metal or Li-In alloy counter electrode makes the cell a half cell; the paper's term kept in cell_type_as_reported,2026-09-17
records.csv,nmc-1888,source_license,CC-BY-4.0,cc-by-4.0,license identifier lowercased,2026-09-17
records.csv,nmc-1860,source_license,CC-BY-4.0,cc-by-4.0,license identifier lowercased,2026-09-17
records.csv,nmc-0596,source_license,CC-BY-4.0,cc-by-4.0,license identifier lowercased,2026-09-17
records.csv,nmc-1648,source_license,CC-BY-4.0,cc-by-4.0,license identifier lowercased,2026-09-17
records.csv,nmc-1948,source_license,CC-BY-4.0,cc-by-4.0,license identifier lowercased,2026-09-17
records.csv,nmc-1935,cell_type,not_reported,half cell,"half-cell rule: a Li metal or Li-In alloy counter electrode makes the cell a half cell; cell type was not reported, cell_type_as_reported keeps not_reported",2026-09-17
records.csv,nmc-1935,source_license,CC-BY-4.0,cc-by-4.0,license identifier lowercased,2026-09-17
records.csv,nmc-0325,source_license,CC-BY-4.0,cc-by-4.0,license identifier lowercased,2026-09-17
records.csv,nmc-0208,source_license,CC-BY-4.0,cc-by-4.0,license identifier lowercased,2026-09-17
records.csv,nmc-1274,source_license,CC-BY-4.0,cc-by-4.0,license identifier lowercased,2026-09-17
records.csv,nmc-1464,source_license,CC-BY-4.0,cc-by-4.0,license identifier lowercased,2026-09-17
records.csv,nmc-1869,source_license,CC-BY-4.0,cc-by-4.0,license identifier lowercased,2026-09-17
records.csv,nmc-0154,source_license,CC-BY-4.0,cc-by-4.0,license identifier lowercased,2026-09-17
records.csv,nmc-1421,source_license,CC-BY-4.0,cc-by-4.0,license identifier lowercased,2026-09-17
records.csv,nmc-1028,source_license,CC-BY-4.0,cc-by-4.0,license identifier lowercased,2026-09-17
records.csv,nmc-1721,source_license,CC-BY-4.0,cc-by-4.0,license identifier lowercased,2026-09-17
records.csv,nmc-1729,source_license,CC-BY-4.0,cc-by-4.0,license identifier lowercased,2026-09-17
records.csv,nmc-1548,source_license,CC-BY-4.0,cc-by-4.0,license identifier lowercased,2026-09-17
records.csv,nmc-0865,source_license,CC-BY-4.0,cc-by-4.0,license identifier lowercased,2026-09-17
records.csv,nmc-1105,source_license,CC-BY-4.0,cc-by-4.0,license identifier lowercased,2026-09-17
records.csv,nmc-1903,source_license,CC-BY-4.0,cc-by-4.0,license identifier lowercased,2026-09-17
records.csv,nmc-1571,source_license,CC-BY-4.0,cc-by-4.0,license identifier lowercased,2026-09-17
records.csv,nmc-0149,source_license,CC-BY-4.0,cc-by-4.0,license identifier lowercased,2026-09-17
records.csv,nmc-0983,source_license,CC-BY-4.0,cc-by-4.0,license identifier lowercased,2026-09-17
records.csv,nmc-1285,source_license,CC-BY-4.0,cc-by-4.0,license identifier lowercased,2026-09-17
records.csv,nmc-1140,source_license,CC-BY-4.0,cc-by-4.0,license identifier lowercased,2026-09-17
records.csv,nmc-1720,source_license,CC-BY-4.0,cc-by-4.0,license identifier lowercased,2026-09-17
records.csv,nmc-0755,source_license,CC-BY-4.0,cc-by-4.0,license identifier lowercased,2026-09-17
records.csv,nmc-1719,source_license,CC-BY-4.0,cc-by-4.0,license identifier lowercased,2026-09-17
records.csv,nmc-0545,source_license,CC-BY-4.0,cc-by-4.0,license identifier lowercased,2026-09-17
records.csv,nmc-1353,cell_type,not_reported,half cell,"half-cell rule: a Li metal or Li-In alloy counter electrode makes the cell a half cell; cell type was not reported, cell_type_as_reported keeps not_reported",2026-09-17
records.csv,nmc-1353,source_license,CC-BY-4.0,cc-by-4.0,license identifier lowercased,2026-09-17
records.csv,nmc-1296,source_license,CC-BY-4.0,cc-by-4.0,license identifier lowercased,2026-09-17
records.csv,nmc-1434,source_license,CC-BY-4.0,cc-by-4.0,license identifier lowercased,2026-09-17
records.csv,nmc-1172,source_license,CC-BY-4.0,cc-by-4.0,license identifier lowercased,2026-09-17
records.csv,nmc-0679,source_license,CC-BY-4.0,cc-by-4.0,license identifier lowercased,2026-09-17
records.csv,nmc-1086,source_license,CC-BY-4.0,cc-by-4.0,license identifier lowercased,2026-09-17
records.csv,nmc-0713,active_material_wt_pct,11,,"extraction error: 11 appears nowhere in the paper; the Experimental section gives NMC622 '85–94 wt%' across all samples, so the active wt% of the 10 wt% cE electrode is not established; range kept in electrode_ratio_raw",2026-09-17
records.csv,nmc-0713,source_license,CC-BY-4.0,cc-by-4.0,license identifier lowercased,2026-09-17
records.csv,nmc-1282,source_license,CC-BY-4.0,cc-by-4.0,license identifier lowercased,2026-09-17
records.csv,nmc-1971,cell_type,full cell,half cell,half-cell rule: a Li metal or Li-In alloy counter electrode makes the cell a half cell; the paper's term kept in cell_type_as_reported,2026-09-17
records.csv,nmc-1971,source_license,CC-BY-4.0,cc-by-4.0,license identifier lowercased,2026-09-17
records.csv,nmc-0373,cell_type,full cell,half cell,half-cell rule: a Li metal or Li-In alloy counter electrode makes the cell a half cell; the paper's term kept in cell_type_as_reported,2026-09-17
records.csv,nmc-0373,source_license,CC-BY-4.0,cc-by-4.0,license identifier lowercased,2026-09-17
records.csv,nmc-0591,source_license,CC-BY-4.0,cc-by-4.0,license identifier lowercased,2026-09-17
records.csv,nmc-1711,source_license,CC-BY-4.0,cc-by-4.0,license identifier lowercased,2026-09-17
records.csv,nmc-0122,source_license,CC-BY-4.0,cc-by-4.0,license identifier lowercased,2026-09-17
records.csv,nmc-0484,cell_type,full cell,half cell,half-cell rule: a Li metal or Li-In alloy counter electrode makes the cell a half cell; the paper's term kept in cell_type_as_reported,2026-09-17
records.csv,nmc-0484,source_license,CC-BY-4.0,cc-by-4.0,license identifier lowercased,2026-09-17
records.csv,nmc-1572,source_license,CC-BY-4.0,cc-by-4.0,license identifier lowercased,2026-09-17
records.csv,nmc-1248,cell_type,full cell,half cell,half-cell rule: a Li metal or Li-In alloy counter electrode makes the cell a half cell; the paper's term kept in cell_type_as_reported,2026-09-17
records.csv,nmc-1248,source_license,CC-BY-4.0,cc-by-4.0,license identifier lowercased,2026-09-17
records.csv,nmc-0065,source_license,CC-BY-4.0,cc-by-4.0,license identifier lowercased,2026-09-17
records.csv,nmc-0423,source_license,CC-BY-4.0,cc-by-4.0,license identifier lowercased,2026-09-17
records.csv,nmc-1884,cell_type,full cell,half cell,half-cell rule: a Li metal or Li-In alloy counter electrode makes the cell a half cell; the paper's term kept in cell_type_as_reported,2026-09-17
records.csv,nmc-1884,source_license,CC-BY-4.0,cc-by-4.0,license identifier lowercased,2026-09-17
records.csv,nmc-0042,cell_type,full cell,half cell,half-cell rule: a Li metal or Li-In alloy counter electrode makes the cell a half cell; the paper's term kept in cell_type_as_reported,2026-09-17
records.csv,nmc-0042,source_license,CC-BY-4.0,cc-by-4.0,license identifier lowercased,2026-09-17
records.csv,nmc-0626,source_license,CC-BY-4.0,cc-by-4.0,license identifier lowercased,2026-09-17
records.csv,nmc-1530,cell_type,not_reported,half cell,"half-cell rule: a Li metal or Li-In alloy counter electrode makes the cell a half cell; cell type was not reported, cell_type_as_reported keeps not_reported",2026-09-17
records.csv,nmc-1530,source_license,CC-BY-4.0,cc-by-4.0,license identifier lowercased,2026-09-17
records.csv,nmc-0393,cell_type,not_reported,half cell,"half-cell rule: a Li metal or Li-In alloy counter electrode makes the cell a half cell; cell type was not reported, cell_type_as_reported keeps not_reported",2026-09-17
records.csv,nmc-0393,source_license,CC-BY-4.0,cc-by-4.0,license identifier lowercased,2026-09-17
records.csv,nmc-0395,cell_type,not_reported,half cell,"half-cell rule: a Li metal or Li-In alloy counter electrode makes the cell a half cell; cell type was not reported, cell_type_as_reported keeps not_reported",2026-09-17
records.csv,nmc-0395,source_license,CC-BY-4.0,cc-by-4.0,license identifier lowercased,2026-09-17
records.csv,nmc-1955,source_license,CC-BY-4.0,cc-by-4.0,license identifier lowercased,2026-09-17
records.csv,nmc-1551,source_license,CC-BY-4.0,cc-by-4.0,license identifier lowercased,2026-09-17
records.csv,nmc-0835,source_license,CC-BY-4.0,cc-by-4.0,license identifier lowercased,2026-09-17
records.csv,nmc-0934,cell_type,full cell,half cell,half-cell rule: a Li metal or Li-In alloy counter electrode makes the cell a half cell; the paper's term kept in cell_type_as_reported,2026-09-17
records.csv,nmc-0934,source_license,CC-BY-4.0,cc-by-4.0,license identifier lowercased,2026-09-17
records.csv,nmc-0480,cell_type,full cell,half cell,half-cell rule: a Li metal or Li-In alloy counter electrode makes the cell a half cell; the paper's term kept in cell_type_as_reported,2026-09-17
records.csv,nmc-0480,source_license,CC-BY-4.0,cc-by-4.0,license identifier lowercased,2026-09-17
records.csv,nmc-0726,cell_type,not_reported,half cell,"half-cell rule: a Li metal or Li-In alloy counter electrode makes the cell a half cell; cell type was not reported, cell_type_as_reported keeps not_reported",2026-09-17
records.csv,nmc-0726,source_license,CC-BY-4.0,cc-by-4.0,license identifier lowercased,2026-09-17
records.csv,nmc-0811,source_license,CC-BY-4.0,cc-by-4.0,license identifier lowercased,2026-09-17
records.csv,nmc-1513,cell_type,not_reported,half cell,"half-cell rule: a Li metal or Li-In alloy counter electrode makes the cell a half cell; cell type was not reported, cell_type_as_reported keeps not_reported",2026-09-17
records.csv,nmc-1513,source_license,CC-BY-4.0,cc-by-4.0,license identifier lowercased,2026-09-17
records.csv,nmc-1975,cell_type,full cell,half cell,half-cell rule: a Li metal or Li-In alloy counter electrode makes the cell a half cell; the paper's term kept in cell_type_as_reported,2026-09-17
records.csv,nmc-1975,source_license,CC-BY-4.0,cc-by-4.0,license identifier lowercased,2026-09-17
records.csv,nmc-1589,active_material_wt_pct,89,89.29,"decimal rule: electrode_ratio_raw explicitly gives a decimal wt% for the component, so the paper-stated decimal replaces the rounded whole-number extraction; paper Table 2: NCM 89,29 / Graphite 3,57 / CB 3,57 / PVDF 3,57 wt%",2026-09-17
records.csv,nmc-1589,source_license,CC-BY-4.0,cc-by-4.0,license identifier lowercased,2026-09-17
records.csv,nmc-1578,source_license,CC-BY-4.0,cc-by-4.0,license identifier lowercased,2026-09-17
records.csv,nmc-1889,cell_type,full cell,half cell,half-cell rule: a Li metal or Li-In alloy counter electrode makes the cell a half cell; the paper's term kept in cell_type_as_reported,2026-09-17
records.csv,nmc-1889,source_license,CC-BY-4.0,cc-by-4.0,license identifier lowercased,2026-09-17
records.csv,nmc-1895,source_license,CC-BY-4.0,cc-by-4.0,license identifier lowercased,2026-09-17
records.csv,nmc-0956,cell_type,full cell,half cell,half-cell rule: a Li metal or Li-In alloy counter electrode makes the cell a half cell; the paper's term kept in cell_type_as_reported,2026-09-17
records.csv,nmc-0956,source_license,CC-BY-4.0,cc-by-4.0,license identifier lowercased,2026-09-17
records.csv,nmc-0631,source_license,CC-BY-4.0,cc-by-4.0,license identifier lowercased,2026-09-17
records.csv,nmc-1128,source_license,CC-BY-4.0,cc-by-4.0,license identifier lowercased,2026-09-17
records.csv,nmc-1124,source_license,CC-BY-4.0,cc-by-4.0,license identifier lowercased,2026-09-17
records.csv,nmc-1653,source_license,CC-BY-4.0,cc-by-4.0,license identifier lowercased,2026-09-17
records.csv,nmc-0468,source_license,CC-BY-4.0,cc-by-4.0,license identifier lowercased,2026-09-17
records.csv,nmc-1913,source_license,CC-BY-4.0,cc-by-4.0,license identifier lowercased,2026-09-17
records.csv,nmc-1386,cell_type,full cell,half cell,half-cell rule: a Li metal or Li-In alloy counter electrode makes the cell a half cell; the paper's term kept in cell_type_as_reported,2026-09-17
records.csv,nmc-1386,source_license,CC-BY-4.0,cc-by-4.0,license identifier lowercased,2026-09-17
records.csv,nmc-1325,cell_type,full cell,half cell,half-cell rule: a Li metal or Li-In alloy counter electrode makes the cell a half cell; the paper's term kept in cell_type_as_reported,2026-09-17
records.csv,nmc-1325,source_license,CC-BY-4.0,cc-by-4.0,license identifier lowercased,2026-09-17
records.csv,nmc-0297,cell_type,full cell,half cell,half-cell rule: a Li metal or Li-In alloy counter electrode makes the cell a half cell; the paper's term kept in cell_type_as_reported,2026-09-17
records.csv,nmc-0297,source_license,CC-BY-4.0,cc-by-4.0,license identifier lowercased,2026-09-17
records.csv,nmc-0204,source_license,CC-BY-4.0,cc-by-4.0,license identifier lowercased,2026-09-17
records.csv,nmc-0504,source_license,CC-BY-4.0,cc-by-4.0,license identifier lowercased,2026-09-17
records.csv,nmc-0285,source_license,CC-BY-4.0,cc-by-4.0,license identifier lowercased,2026-09-17
records.csv,nmc-0064,source_license,CC-BY-4.0,cc-by-4.0,license identifier lowercased,2026-09-17
records.csv,nmc-0680,source_license,CC-BY-4.0,cc-by-4.0,license identifier lowercased,2026-09-17
records.csv,nmc-0414,source_license,CC-BY-4.0,cc-by-4.0,license identifier lowercased,2026-09-17
records.csv,nmc-1804,cell_type,full cell,half cell,half-cell rule: a Li metal or Li-In alloy counter electrode makes the cell a half cell; the paper's term kept in cell_type_as_reported,2026-09-17
records.csv,nmc-1804,source_license,CC-BY-4.0,cc-by-4.0,license identifier lowercased,2026-09-17
records.csv,nmc-0303,cell_type,full cell,half cell,half-cell rule: a Li metal or Li-In alloy counter electrode makes the cell a half cell; the paper's term kept in cell_type_as_reported,2026-09-17
records.csv,nmc-0303,source_license,CC-BY-4.0,cc-by-4.0,license identifier lowercased,2026-09-17
records.csv,nmc-0592,source_license,CC-BY-4.0,cc-by-4.0,license identifier lowercased,2026-09-17
records.csv,nmc-0579,source_license,CC-BY-4.0,cc-by-4.0,license identifier lowercased,2026-09-17
records.csv,nmc-1109,source_license,CC-BY-4.0,cc-by-4.0,license identifier lowercased,2026-09-17
records.csv,nmc-1905,source_license,CC-BY-4.0,cc-by-4.0,license identifier lowercased,2026-09-17
records.csv,nmc-0613,source_license,CC-BY-4.0,cc-by-4.0,license identifier lowercased,2026-09-17
records.csv,nmc-1255,cell_type,full cell,half cell,half-cell rule: a Li metal or Li-In alloy counter electrode makes the cell a half cell; the paper's term kept in cell_type_as_reported,2026-09-17
records.csv,nmc-1255,source_license,CC-BY-4.0,cc-by-4.0,license identifier lowercased,2026-09-17
records.csv,nmc-1157,source_license,CC-BY-4.0,cc-by-4.0,license identifier lowercased,2026-09-17
records.csv,nmc-0243,source_license,CC-BY-4.0,cc-by-4.0,license identifier lowercased,2026-09-17
records.csv,nmc-0677,source_license,CC-BY-4.0,cc-by-4.0,license identifier lowercased,2026-09-17
records.csv,nmc-0411,source_license,CC-BY-4.0,cc-by-4.0,license identifier lowercased,2026-09-17
records.csv,nmc-1878,cell_type,full cell,half cell,half-cell rule: a Li metal or Li-In alloy counter electrode makes the cell a half cell; the paper's term kept in cell_type_as_reported,2026-09-17
records.csv,nmc-1878,source_license,CC-BY-4.0,cc-by-4.0,license identifier lowercased,2026-09-17
records.csv,nmc-0035,cell_type,full cell,half cell,half-cell rule: a Li metal or Li-In alloy counter electrode makes the cell a half cell; the paper's term kept in cell_type_as_reported,2026-09-17
records.csv,nmc-0035,source_license,CC-BY-4.0,cc-by-4.0,license identifier lowercased,2026-09-17
records.csv,nmc-0039,cell_type,full cell,half cell,half-cell rule: a Li metal or Li-In alloy counter electrode makes the cell a half cell; the paper's term kept in cell_type_as_reported,2026-09-17
records.csv,nmc-0039,source_license,CC-BY-4.0,cc-by-4.0,license identifier lowercased,2026-09-17
records.csv,nmc-0819,source_license,CC-BY-4.0,cc-by-4.0,license identifier lowercased,2026-09-17
records.csv,nmc-0719,active_material_wt_pct,11,,"extraction error: 11 appears nowhere in the paper; the Experimental section gives NMC622 '85–94 wt%' across all samples, so the active wt% of the 10 wt% cE electrode is not established; range kept in electrode_ratio_raw",2026-09-17
records.csv,nmc-0719,source_license,CC-BY-4.0,cc-by-4.0,license identifier lowercased,2026-09-17
records.csv,nmc-1522,cell_type,not_reported,half cell,"half-cell rule: a Li metal or Li-In alloy counter electrode makes the cell a half cell; cell type was not reported, cell_type_as_reported keeps not_reported",2026-09-17
records.csv,nmc-1522,source_license,CC-BY-4.0,cc-by-4.0,license identifier lowercased,2026-09-17
records.csv,nmc-0131,source_license,CC-BY-4.0,cc-by-4.0,license identifier lowercased,2026-09-17
records.csv,nmc-1373,cell_type,full cell,half cell,half-cell rule: a Li metal or Li-In alloy counter electrode makes the cell a half cell; the paper's term kept in cell_type_as_reported,2026-09-17
records.csv,nmc-1373,source_license,CC-BY-4.0,cc-by-4.0,license identifier lowercased,2026-09-17
records.csv,nmc-1861,source_license,CC-BY-4.0,cc-by-4.0,license identifier lowercased,2026-09-17
records.csv,nmc-0164,source_license,CC-BY-4.0,cc-by-4.0,license identifier lowercased,2026-09-17
records.csv,nmc-1949,source_license,CC-BY-4.0,cc-by-4.0,license identifier lowercased,2026-09-17
records.csv,nmc-0368,cell_type,full cell,half cell,half-cell rule: a Li metal or Li-In alloy counter electrode makes the cell a half cell; the paper's term kept in cell_type_as_reported,2026-09-17
records.csv,nmc-0368,source_license,CC-BY-4.0,cc-by-4.0,license identifier lowercased,2026-09-17
records.csv,nmc-1498,source_license,CC-BY-4.0,cc-by-4.0,license identifier lowercased,2026-09-17
records.csv,nmc-1791,source_license,CC-BY-4.0,cc-by-4.0,license identifier lowercased,2026-09-17
records.csv,nmc-1798,source_license,CC-BY-4.0,cc-by-4.0,license identifier lowercased,2026-09-17
records.csv,nmc-0959,voltage_upper_vs_Li_V,4.32,4.3,paper-stated value preferred over derived value: '3.7 V ... vs. In/LiIn (4.3 V ... vs. Li/Li+)'; previous value was computed with the +0.62 V Li-In offset,2026-09-17
records.csv,nmc-0959,source_license,CC-BY-4.0,cc-by-4.0,license identifier lowercased,2026-09-17
records.csv,nmc-1617,source_license,CC-BY-4.0,cc-by-4.0,license identifier lowercased,2026-09-17
records.csv,nmc-0661,source_license,CC-BY-4.0,cc-by-4.0,license identifier lowercased,2026-09-17
records.csv,nmc-1312,cell_type,full cell,half cell,half-cell rule: a Li metal or Li-In alloy counter electrode makes the cell a half cell; the paper's term kept in cell_type_as_reported,2026-09-17
records.csv,nmc-1312,source_license,CC-BY-4.0,cc-by-4.0,license identifier lowercased,2026-09-17
records.csv,nmc-0580,source_license,CC-BY-4.0,cc-by-4.0,license identifier lowercased,2026-09-17
records.csv,nmc-0758,source_license,CC-BY-4.0,cc-by-4.0,license identifier lowercased,2026-09-17
records.csv,nmc-1352,cell_type,not_reported,half cell,"half-cell rule: a Li metal or Li-In alloy counter electrode makes the cell a half cell; cell type was not reported, cell_type_as_reported keeps not_reported",2026-09-17
records.csv,nmc-1352,source_license,CC-BY-4.0,cc-by-4.0,license identifier lowercased,2026-09-17
records.csv,nmc-0057,source_license,CC-BY-4.0,cc-by-4.0,license identifier lowercased,2026-09-17
records.csv,nmc-0736,source_license,CC-BY-4.0,cc-by-4.0,license identifier lowercased,2026-09-17
records.csv,nmc-0424,source_license,CC-BY-4.0,cc-by-4.0,license identifier lowercased,2026-09-17
records.csv,nmc-0988,source_license,CC-BY-4.0,cc-by-4.0,license identifier lowercased,2026-09-17
records.csv,nmc-1309,cell_type,full cell,half cell,half-cell rule: a Li metal or Li-In alloy counter electrode makes the cell a half cell; the paper's term kept in cell_type_as_reported,2026-09-17
records.csv,nmc-1309,source_license,CC-BY-4.0,cc-by-4.0,license identifier lowercased,2026-09-17
records.csv,nmc-1429,source_license,CC-BY-4.0,cc-by-4.0,license identifier lowercased,2026-09-17
records.csv,nmc-1956,source_license,CC-BY-4.0,cc-by-4.0,license identifier lowercased,2026-09-17
records.csv,nmc-0551,source_license,CC-BY-4.0,cc-by-4.0,license identifier lowercased,2026-09-17
records.csv,nmc-1709,source_license,CC-BY-4.0,cc-by-4.0,license identifier lowercased,2026-09-17
records.csv,nmc-0784,source_license,CC-BY-4.0,cc-by-4.0,license identifier lowercased,2026-09-17
records.csv,nmc-0982,source_license,CC-BY-4.0,cc-by-4.0,license identifier lowercased,2026-09-17
records.csv,nmc-1849,cell_type,full cell,half cell,half-cell rule: a Li metal or Li-In alloy counter electrode makes the cell a half cell; the paper's term kept in cell_type_as_reported,2026-09-17
records.csv,nmc-1849,source_license,CC-BY-4.0,cc-by-4.0,license identifier lowercased,2026-09-17
records.csv,nmc-1466,cell_type,not_reported,half cell,"half-cell rule: a Li metal or Li-In alloy counter electrode makes the cell a half cell; cell type was not reported, cell_type_as_reported keeps not_reported",2026-09-17
records.csv,nmc-1466,source_license,CC-BY-4.0,cc-by-4.0,license identifier lowercased,2026-09-17
records.csv,nmc-0760,source_license,CC-BY-4.0,cc-by-4.0,license identifier lowercased,2026-09-17
records.csv,nmc-1531,cell_type,not_reported,half cell,"half-cell rule: a Li metal or Li-In alloy counter electrode makes the cell a half cell; cell type was not reported, cell_type_as_reported keeps not_reported",2026-09-17
records.csv,nmc-1531,source_license,CC-BY-4.0,cc-by-4.0,license identifier lowercased,2026-09-17
records.csv,nmc-1275,source_license,CC-BY-4.0,cc-by-4.0,license identifier lowercased,2026-09-17
records.csv,nmc-1315,cell_type,full cell,half cell,half-cell rule: a Li metal or Li-In alloy counter electrode makes the cell a half cell; the paper's term kept in cell_type_as_reported,2026-09-17
records.csv,nmc-1315,source_license,CC-BY-4.0,cc-by-4.0,license identifier lowercased,2026-09-17
records.csv,nmc-0581,source_license,CC-BY-4.0,cc-by-4.0,license identifier lowercased,2026-09-17
records.csv,nmc-1579,source_license,CC-BY-4.0,cc-by-4.0,license identifier lowercased,2026-09-17
records.csv,nmc-1381,cell_type,full cell,half cell,half-cell rule: a Li metal or Li-In alloy counter electrode makes the cell a half cell; the paper's term kept in cell_type_as_reported,2026-09-17
records.csv,nmc-1381,source_license,CC-BY-4.0,cc-by-4.0,license identifier lowercased,2026-09-17
records.csv,nmc-1013,source_license,CC-BY-4.0,cc-by-4.0,license identifier lowercased,2026-09-17
records.csv,nmc-1319,cell_type,full cell,half cell,half-cell rule: a Li metal or Li-In alloy counter electrode makes the cell a half cell; the paper's term kept in cell_type_as_reported,2026-09-17
records.csv,nmc-1319,source_license,CC-BY-4.0,cc-by-4.0,license identifier lowercased,2026-09-17
records.csv,nmc-1387,cell_type,full cell,half cell,half-cell rule: a Li metal or Li-In alloy counter electrode makes the cell a half cell; the paper's term kept in cell_type_as_reported,2026-09-17
records.csv,nmc-1387,source_license,CC-BY-4.0,cc-by-4.0,license identifier lowercased,2026-09-17
records.csv,nmc-1283,source_license,CC-BY-4.0,cc-by-4.0,license identifier lowercased,2026-09-17
records.csv,nmc-0374,cell_type,full cell,half cell,half-cell rule: a Li metal or Li-In alloy counter electrode makes the cell a half cell; the paper's term kept in cell_type_as_reported,2026-09-17
records.csv,nmc-0374,source_license,CC-BY-4.0,cc-by-4.0,license identifier lowercased,2026-09-17
records.csv,nmc-0237,conductive_additive_wt_pct,5,10,rule Σ: explicitly named conductive additives summed (super-P 5 + KS-6 5),2026-09-17
records.csv,nmc-0237,source_license,CC-BY-4.0,cc-by-4.0,license identifier lowercased,2026-09-17
records.csv,nmc-0582,source_license,CC-BY-4.0,cc-by-4.0,license identifier lowercased,2026-09-17
records.csv,nmc-0472,source_license,CC-BY-4.0,cc-by-4.0,license identifier lowercased,2026-09-17
records.csv,nmc-0734,cell_type,not_reported,half cell,"half-cell rule: a Li metal or Li-In alloy counter electrode makes the cell a half cell; cell type was not reported, cell_type_as_reported keeps not_reported",2026-09-17
records.csv,nmc-0734,source_license,CC-BY-4.0,cc-by-4.0,license identifier lowercased,2026-09-17
records.csv,nmc-0990,source_license,CC-BY-4.0,cc-by-4.0,license identifier lowercased,2026-09-17
records.csv,nmc-1369,cell_type,full cell,half cell,half-cell rule: a Li metal or Li-In alloy counter electrode makes the cell a half cell; the paper's term kept in cell_type_as_reported,2026-09-17
records.csv,nmc-1369,source_license,CC-BY-4.0,cc-by-4.0,license identifier lowercased,2026-09-17
records.csv,nmc-0698,source_license,CC-BY-4.0,cc-by-4.0,license identifier lowercased,2026-09-17
records.csv,nmc-0280,source_license,CC-BY-4.0,cc-by-4.0,license identifier lowercased,2026-09-17
records.csv,nmc-1700,source_license,CC-BY-4.0,cc-by-4.0,license identifier lowercased,2026-09-17
records.csv,nmc-1704,source_license,CC-BY-4.0,cc-by-4.0,license identifier lowercased,2026-09-17
records.csv,nmc-1322,cell_type,full cell,half cell,half-cell rule: a Li metal or Li-In alloy counter electrode makes the cell a half cell; the paper's term kept in cell_type_as_reported,2026-09-17
records.csv,nmc-1322,source_license,CC-BY-4.0,cc-by-4.0,license identifier lowercased,2026-09-17
records.csv,nmc-0486,cell_type,full cell,half cell,half-cell rule: a Li metal or Li-In alloy counter electrode makes the cell a half cell; the paper's term kept in cell_type_as_reported,2026-09-17
records.csv,nmc-0486,source_license,CC-BY-4.0,cc-by-4.0,license identifier lowercased,2026-09-17
records.csv,nmc-0977,source_license,CC-BY-4.0,cc-by-4.0,license identifier lowercased,2026-09-17
records.csv,nmc-1444,source_license,CC-BY-4.0,cc-by-4.0,license identifier lowercased,2026-09-17
records.csv,nmc-0075,source_license,CC-BY-4.0,cc-by-4.0,license identifier lowercased,2026-09-17
records.csv,nmc-0841,source_license,CC-BY-4.0,cc-by-4.0,license identifier lowercased,2026-09-17
records.csv,nmc-1454,source_license,CC-BY-4.0,cc-by-4.0,license identifier lowercased,2026-09-17
records.csv,nmc-0759,source_license,CC-BY-4.0,cc-by-4.0,license identifier lowercased,2026-09-17
records.csv,nmc-1715,source_license,CC-BY-4.0,cc-by-4.0,license identifier lowercased,2026-09-17
records.csv,nmc-0883,active_material_wt_pct,28,,"wrong formulation attached: values came from the Cl-cHBC/graphite hybrid anode (80 wt.% active, 10 wt.% Super C45, 10 wt.% PVDF); 'same procedure' does not establish a composition when the referenced procedure contains formulation details that may belong specifically to the anode, so the cathode composition is not established (28 was unsupported under any reading)",2026-09-17
records.csv,nmc-0883,conductive_additive_wt_pct,10,,"wrong formulation attached: values came from the Cl-cHBC/graphite hybrid anode (80 wt.% active, 10 wt.% Super C45, 10 wt.% PVDF); 'same procedure' does not establish a composition when the referenced procedure contains formulation details that may belong specifically to the anode, so the cathode composition is not established",2026-09-17
records.csv,nmc-0883,binder_wt_pct,10,,"wrong formulation attached: values came from the Cl-cHBC/graphite hybrid anode (80 wt.% active, 10 wt.% Super C45, 10 wt.% PVDF); 'same procedure' does not establish a composition when the referenced procedure contains formulation details that may belong specifically to the anode, so the cathode composition is not established",2026-09-17
records.csv,nmc-0883,electrode_ratio_raw,"Cl-cHBC 40 wt.%, graphite 40 wt.%, Super C45 10 wt.%, PVDF 10 wt.%","not established for the cathode; paper: 'The SC-NCM811 cathode was prepared using the same procedure as described above, with the only difference being that it was cast onto aluminum foil.'","wrong formulation attached: values came from the Cl-cHBC/graphite hybrid anode (80 wt.% active, 10 wt.% Super C45, 10 wt.% PVDF); 'same procedure' does not establish a composition when the referenced procedure contains formulation details that may belong specifically to the anode, so the cathode composition is not established; anode composition text replaced by the paper's cathode sentence",2026-09-17
records.csv,nmc-0883,source_license,CC-BY-4.0,cc-by-4.0,license identifier lowercased,2026-09-17
records.csv,nmc-0887,active_material_wt_pct,28,,"wrong formulation attached: values came from the Cl-cHBC/graphite hybrid anode (80 wt.% active, 10 wt.% Super C45, 10 wt.% PVDF); 'same procedure' does not establish a composition when the referenced procedure contains formulation details that may belong specifically to the anode, so the cathode composition is not established (28 was unsupported under any reading)",2026-09-17
records.csv,nmc-0887,conductive_additive_wt_pct,10,,"wrong formulation attached: values came from the Cl-cHBC/graphite hybrid anode (80 wt.% active, 10 wt.% Super C45, 10 wt.% PVDF); 'same procedure' does not establish a composition when the referenced procedure contains formulation details that may belong specifically to the anode, so the cathode composition is not established",2026-09-17
records.csv,nmc-0887,binder_wt_pct,10,,"wrong formulation attached: values came from the Cl-cHBC/graphite hybrid anode (80 wt.% active, 10 wt.% Super C45, 10 wt.% PVDF); 'same procedure' does not establish a composition when the referenced procedure contains formulation details that may belong specifically to the anode, so the cathode composition is not established",2026-09-17
records.csv,nmc-0887,electrode_ratio_raw,"Cl-cHBC 40 wt.%, graphite 40 wt.%, Super C45 10 wt.%, PVDF 10 wt.%","not established for the cathode; paper: 'The SC-NCM811 cathode was prepared using the same procedure as described above, with the only difference being that it was cast onto aluminum foil.'","wrong formulation attached: values came from the Cl-cHBC/graphite hybrid anode (80 wt.% active, 10 wt.% Super C45, 10 wt.% PVDF); 'same procedure' does not establish a composition when the referenced procedure contains formulation details that may belong specifically to the anode, so the cathode composition is not established; anode composition text replaced by the paper's cathode sentence",2026-09-17
records.csv,nmc-0887,source_license,CC-BY-4.0,cc-by-4.0,license identifier lowercased,2026-09-17
records.csv,nmc-0678,source_license,CC-BY-4.0,cc-by-4.0,license identifier lowercased,2026-09-17
records.csv,nmc-0036,cell_type,full cell,half cell,half-cell rule: a Li metal or Li-In alloy counter electrode makes the cell a half cell; the paper's term kept in cell_type_as_reported,2026-09-17
records.csv,nmc-0036,source_license,CC-BY-4.0,cc-by-4.0,license identifier lowercased,2026-09-17
records.csv,nmc-1870,source_license,CC-BY-4.0,cc-by-4.0,license identifier lowercased,2026-09-17
records.csv,nmc-0083,source_license,CC-BY-4.0,cc-by-4.0,license identifier lowercased,2026-09-17
records.csv,nmc-0557,source_license,CC-BY-4.0,cc-by-4.0,license identifier lowercased,2026-09-17
records.csv,nmc-0421,source_license,CC-BY-4.0,cc-by-4.0,license identifier lowercased,2026-09-17
records.csv,nmc-0244,source_license,CC-BY-4.0,cc-by-4.0,license identifier lowercased,2026-09-17
records.csv,nmc-1894,source_license,CC-BY-4.0,cc-by-4.0,license identifier lowercased,2026-09-17
records.csv,nmc-0021,source_license,CC-BY-4.0,cc-by-4.0,license identifier lowercased,2026-09-17
records.csv,nmc-1355,cell_type,not_reported,half cell,"half-cell rule: a Li metal or Li-In alloy counter electrode makes the cell a half cell; cell type was not reported, cell_type_as_reported keeps not_reported",2026-09-17
records.csv,nmc-1355,source_license,CC-BY-4.0,cc-by-4.0,license identifier lowercased,2026-09-17
records.csv,nmc-0333,source_license,CC-BY-4.0,cc-by-4.0,license identifier lowercased,2026-09-17
records.csv,nmc-1343,cell_type,full cell,half cell,half-cell rule: a Li metal or Li-In alloy counter electrode makes the cell a half cell; the paper's term kept in cell_type_as_reported,2026-09-17
records.csv,nmc-1343,source_license,CC-BY-4.0,cc-by-4.0,license identifier lowercased,2026-09-17
records.csv,nmc-1523,cell_type,not_reported,half cell,"half-cell rule: a Li metal or Li-In alloy counter electrode makes the cell a half cell; cell type was not reported, cell_type_as_reported keeps not_reported",2026-09-17
records.csv,nmc-1523,source_license,CC-BY-4.0,cc-by-4.0,license identifier lowercased,2026-09-17
records.csv,nmc-1862,source_license,CC-BY-4.0,cc-by-4.0,license identifier lowercased,2026-09-17
records.csv,nmc-1950,source_license,CC-BY-4.0,cc-by-4.0,license identifier lowercased,2026-09-17
records.csv,nmc-1722,source_license,CC-BY-4.0,cc-by-4.0,license identifier lowercased,2026-09-17
records.csv,nmc-0578,source_license,CC-BY-4.0,cc-by-4.0,license identifier lowercased,2026-09-17
records.csv,nmc-1236,source_license,CC-BY-4.0,cc-by-4.0,license identifier lowercased,2026-09-17
records.csv,nmc-1590,active_material_wt_pct,89,89.29,"decimal rule: electrode_ratio_raw explicitly gives a decimal wt% for the component, so the paper-stated decimal replaces the rounded whole-number extraction; paper Table 2: NCM 89,29 / Graphite 3,57 / CB 3,57 / PVDF 3,57 wt%",2026-09-17
records.csv,nmc-1590,source_license,CC-BY-4.0,cc-by-4.0,license identifier lowercased,2026-09-17
records.csv,nmc-0950,cell_type,full cell,half cell,half-cell rule: a Li metal or Li-In alloy counter electrode makes the cell a half cell; the paper's term kept in cell_type_as_reported,2026-09-17
records.csv,nmc-0950,source_license,CC-BY-4.0,cc-by-4.0,license identifier lowercased,2026-09-17
records.csv,nmc-1106,source_license,CC-BY-4.0,cc-by-4.0,license identifier lowercased,2026-09-17
records.csv,nmc-1518,cell_type,not_reported,half cell,"half-cell rule: a Li metal or Li-In alloy counter electrode makes the cell a half cell; cell type was not reported, cell_type_as_reported keeps not_reported",2026-09-17
records.csv,nmc-1518,source_license,CC-BY-4.0,cc-by-4.0,license identifier lowercased,2026-09-17
records.csv,nmc-1957,source_license,CC-BY-4.0,cc-by-4.0,license identifier lowercased,2026-09-17
records.csv,nmc-1061,source_license,CC-BY-4.0,cc-by-4.0,license identifier lowercased,2026-09-17
records.csv,nmc-1227,source_license,CC-BY-4.0,cc-by-4.0,license identifier lowercased,2026-09-17
records.csv,nmc-0763,source_license,CC-BY-4.0,cc-by-4.0,license identifier lowercased,2026-09-17
records.csv,nmc-1908,source_license,CC-BY-4.0,cc-by-4.0,license identifier lowercased,2026-09-17
records.csv,nmc-1153,source_license,CC-BY-4.0,cc-by-4.0,license identifier lowercased,2026-09-17
records.csv,nmc-0338,source_license,CC-BY-4.0,cc-by-4.0,license identifier lowercased,2026-09-17
records.csv,nmc-0037,cell_type,full cell,half cell,half-cell rule: a Li metal or Li-In alloy counter electrode makes the cell a half cell; the paper's term kept in cell_type_as_reported,2026-09-17
records.csv,nmc-0037,source_license,CC-BY-4.0,cc-by-4.0,license identifier lowercased,2026-09-17
records.csv,nmc-0564,source_license,CC-BY-4.0,cc-by-4.0,license identifier lowercased,2026-09-17
records.csv,nmc-1743,source_license,CC-BY-4.0,cc-by-4.0,license identifier lowercased,2026-09-17
records.csv,nmc-0862,source_license,CC-BY-4.0,cc-by-4.0,license identifier lowercased,2026-09-17
records.csv,nmc-0404,source_license,CC-BY-4.0,cc-by-4.0,license identifier lowercased,2026-09-17
records.csv,nmc-1890,cell_type,full cell,half cell,half-cell rule: a Li metal or Li-In alloy counter electrode makes the cell a half cell; the paper's term kept in cell_type_as_reported,2026-09-17
records.csv,nmc-1890,source_license,CC-BY-4.0,cc-by-4.0,license identifier lowercased,2026-09-17
records.csv,nmc-0147,source_license,CC-BY-4.0,cc-by-4.0,license identifier lowercased,2026-09-17
records.csv,nmc-1757,source_license,CC-BY-4.0,cc-by-4.0,license identifier lowercased,2026-09-17
records.csv,nmc-1789,source_license,CC-BY-4.0,cc-by-4.0,license identifier lowercased,2026-09-17
records.csv,nmc-0241,source_license,CC-BY-4.0,cc-by-4.0,license identifier lowercased,2026-09-17
records.csv,nmc-1875,cell_type,full cell,half cell,half-cell rule: a Li metal or Li-In alloy counter electrode makes the cell a half cell; the paper's term kept in cell_type_as_reported,2026-09-17
records.csv,nmc-1875,source_license,CC-BY-4.0,cc-by-4.0,license identifier lowercased,2026-09-17
records.csv,nmc-1964,source_license,CC-BY-4.0,cc-by-4.0,license identifier lowercased,2026-09-17
records.csv,nmc-0483,cell_type,full cell,half cell,half-cell rule: a Li metal or Li-In alloy counter electrode makes the cell a half cell; the paper's term kept in cell_type_as_reported,2026-09-17
records.csv,nmc-0483,source_license,CC-BY-4.0,cc-by-4.0,license identifier lowercased,2026-09-17
records.csv,nmc-1326,cell_type,full cell,half cell,half-cell rule: a Li metal or Li-In alloy counter electrode makes the cell a half cell; the paper's term kept in cell_type_as_reported,2026-09-17
records.csv,nmc-1326,source_license,CC-BY-4.0,cc-by-4.0,license identifier lowercased,2026-09-17
records.csv,nmc-1382,cell_type,full cell,half cell,half-cell rule: a Li metal or Li-In alloy counter electrode makes the cell a half cell; the paper's term kept in cell_type_as_reported,2026-09-17
records.csv,nmc-1382,source_license,CC-BY-4.0,cc-by-4.0,license identifier lowercased,2026-09-17
records.csv,nmc-1329,cell_type,full cell,half cell,half-cell rule: a Li metal or Li-In alloy counter electrode makes the cell a half cell; the paper's term kept in cell_type_as_reported,2026-09-17
records.csv,nmc-1329,source_license,CC-BY-4.0,cc-by-4.0,license identifier lowercased,2026-09-17
records.csv,nmc-1388,cell_type,full cell,half cell,half-cell rule: a Li metal or Li-In alloy counter electrode makes the cell a half cell; the paper's term kept in cell_type_as_reported,2026-09-17
records.csv,nmc-1388,source_license,CC-BY-4.0,cc-by-4.0,license identifier lowercased,2026-09-17
records.csv,nmc-0038,cell_type,full cell,half cell,half-cell rule: a Li metal or Li-In alloy counter electrode makes the cell a half cell; the paper's term kept in cell_type_as_reported,2026-09-17
records.csv,nmc-0038,source_license,CC-BY-4.0,cc-by-4.0,license identifier lowercased,2026-09-17
records.csv,nmc-1268,source_license,CC-BY-4.0,cc-by-4.0,license identifier lowercased,2026-09-17
records.csv,nmc-1920,conductive_additive_wt_pct,0.1,1,"mixed scale: paper 'cathode composites were prepared by milling mixtures 7:2.9:0.1 by weight of NCM622, β-Li3PS4 or Li6PS5Cl and Super C65 carbon black'; ratio normalized to 100 by multiplying every part by 100/10 = 10 (AM 7 -> 70, SE 2.9 -> 29, CA 0.1 -> 1); AM had been scaled but CA had not",2026-09-17
records.csv,nmc-1920,source_license,CC-BY-4.0,cc-by-4.0,license identifier lowercased,2026-09-17
records.csv,nmc-1313,cell_type,full cell,half cell,half-cell rule: a Li metal or Li-In alloy counter electrode makes the cell a half cell; the paper's term kept in cell_type_as_reported,2026-09-17
records.csv,nmc-1313,source_license,CC-BY-4.0,cc-by-4.0,license identifier lowercased,2026-09-17
records.csv,nmc-0954,cell_type,full cell,half cell,half-cell rule: a Li metal or Li-In alloy counter electrode makes the cell a half cell; the paper's term kept in cell_type_as_reported,2026-09-17
records.csv,nmc-0954,source_license,CC-BY-4.0,cc-by-4.0,license identifier lowercased,2026-09-17
records.csv,nmc-0607,source_license,CC-BY-4.0,cc-by-4.0,license identifier lowercased,2026-09-17
records.csv,nmc-1363,cell_type,not_reported,half cell,"half-cell rule: a Li metal or Li-In alloy counter electrode makes the cell a half cell; cell type was not reported, cell_type_as_reported keeps not_reported",2026-09-17
records.csv,nmc-1363,source_license,CC-BY-4.0,cc-by-4.0,license identifier lowercased,2026-09-17
records.csv,nmc-0242,source_license,CC-BY-4.0,cc-by-4.0,license identifier lowercased,2026-09-17
records.csv,nmc-0422,source_license,CC-BY-4.0,cc-by-4.0,license identifier lowercased,2026-09-17
records.csv,nmc-0043,cell_type,full cell,half cell,half-cell rule: a Li metal or Li-In alloy counter electrode makes the cell a half cell; the paper's term kept in cell_type_as_reported,2026-09-17
records.csv,nmc-0043,source_license,CC-BY-4.0,cc-by-4.0,license identifier lowercased,2026-09-17
records.csv,nmc-1871,source_license,CC-BY-4.0,cc-by-4.0,license identifier lowercased,2026-09-17
records.csv,nmc-1759,source_license,CC-BY-4.0,cc-by-4.0,license identifier lowercased,2026-09-17
records.csv,nmc-1547,source_license,CC-BY-4.0,cc-by-4.0,license identifier lowercased,2026-09-17
records.csv,nmc-0747,source_license,CC-BY-4.0,cc-by-4.0,license identifier lowercased,2026-09-17
records.csv,nmc-0754,source_license,CC-BY-4.0,cc-by-4.0,license identifier lowercased,2026-09-17
records.csv,nmc-0546,source_license,CC-BY-4.0,cc-by-4.0,license identifier lowercased,2026-09-17
records.csv,nmc-1899,source_license,CC-BY-4.0,cc-by-4.0,license identifier lowercased,2026-09-17
records.csv,nmc-1258,source_license,CC-BY-4.0,cc-by-4.0,license identifier lowercased,2026-09-17
records.csv,nmc-1811,cell_type,full cell,half cell,half-cell rule: a Li metal or Li-In alloy counter electrode makes the cell a half cell; the paper's term kept in cell_type_as_reported,2026-09-17
records.csv,nmc-1811,source_license,CC-BY-4.0,cc-by-4.0,license identifier lowercased,2026-09-17
records.csv,nmc-0700,source_license,CC-BY-4.0,cc-by-4.0,license identifier lowercased,2026-09-17
records.csv,nmc-0178,source_license,CC-BY-4.0,cc-by-4.0,license identifier lowercased,2026-09-17
records.csv,nmc-0618,source_license,CC-BY-4.0,cc-by-4.0,license identifier lowercased,2026-09-17
records.csv,nmc-1663,source_license,CC-BY-4.0,cc-by-4.0,license identifier lowercased,2026-09-17
records.csv,nmc-1249,cell_type,full cell,half cell,half-cell rule: a Li metal or Li-In alloy counter electrode makes the cell a half cell; the paper's term kept in cell_type_as_reported,2026-09-17
records.csv,nmc-1249,source_license,CC-BY-4.0,cc-by-4.0,license identifier lowercased,2026-09-17
records.csv,nmc-1819,cell_type,full cell,half cell,half-cell rule: a Li metal or Li-In alloy counter electrode makes the cell a half cell; the paper's term kept in cell_type_as_reported,2026-09-17
records.csv,nmc-1819,source_license,CC-BY-4.0,cc-by-4.0,license identifier lowercased,2026-09-17
records.csv,nmc-1135,active_material_wt_pct,96,95.5,"decimal rule: electrode_ratio_raw explicitly gives a decimal wt% for the component, so the paper-stated decimal replaces the rounded whole-number extraction; paper: 'The NMC811 cathode comprised 95.5 wt% of NMC811 particles, 2.5 wt% of PVdF, and 2 wt% of Super P'; raw order is AM:binder:CA, existing CA 2 and binder 2.5 verified correct",2026-09-17
records.csv,nmc-1135,source_license,CC-BY-4.0,cc-by-4.0,license identifier lowercased,2026-09-17
records.csv,nmc-0409,source_license,CC-BY-4.0,cc-by-4.0,license identifier lowercased,2026-09-17
records.csv,nmc-1348,cell_type,full cell,half cell,half-cell rule: a Li metal or Li-In alloy counter electrode makes the cell a half cell; the paper's term kept in cell_type_as_reported,2026-09-17
records.csv,nmc-1348,source_license,CC-BY-4.0,cc-by-4.0,license identifier lowercased,2026-09-17
records.csv,nmc-0267,source_license,CC-BY-4.0,cc-by-4.0,license identifier lowercased,2026-09-17
records.csv,nmc-1866,source_license,CC-BY-4.0,cc-by-4.0,license identifier lowercased,2026-09-17
records.csv,nmc-0397,source_license,CC-BY-4.0,cc-by-4.0,license identifier lowercased,2026-09-17
records.csv,nmc-1951,source_license,CC-BY-4.0,cc-by-4.0,license identifier lowercased,2026-09-17
records.csv,nmc-0565,source_license,CC-BY-4.0,cc-by-4.0,license identifier lowercased,2026-09-17
records.csv,nmc-0706,source_license,CC-BY-4.0,cc-by-4.0,license identifier lowercased,2026-09-17
records.csv,nmc-1839,cell_type,full cell,half cell,half-cell rule: a Li metal or Li-In alloy counter electrode makes the cell a half cell; the paper's term kept in cell_type_as_reported,2026-09-17
records.csv,nmc-1839,source_license,CC-BY-4.0,cc-by-4.0,license identifier lowercased,2026-09-17
records.csv,nmc-0201,source_license,CC-BY-4.0,cc-by-4.0,license identifier lowercased,2026-09-17
records.csv,nmc-0090,source_license,CC-BY-4.0,cc-by-4.0,license identifier lowercased,2026-09-17
records.csv,nmc-0617,source_license,CC-BY-4.0,cc-by-4.0,license identifier lowercased,2026-09-17
records.csv,nmc-0761,source_license,CC-BY-4.0,cc-by-4.0,license identifier lowercased,2026-09-17
records.csv,nmc-0009,conductive_additive_wt_pct,7,8,additive omitted: paper Table 2 groups Carbon Black and MWCNTs under 'Conductive Additive (wt%)' (88 / 8-x / x / 4); the stored value counted carbon black only; explicitly named conductive additives summed,2026-09-17
records.csv,nmc-0009,source_license,CC-BY-4.0,cc-by-4.0,license identifier lowercased,2026-09-17
records.csv,nmc-1863,source_license,CC-BY-4.0,cc-by-4.0,license identifier lowercased,2026-09-17
records.csv,nmc-1623,source_license,CC-BY-4.0,cc-by-4.0,license identifier lowercased,2026-09-17
records.csv,nmc-1922,conductive_additive_wt_pct,0.1,1,"mixed scale: paper 'cathode composites were prepared by milling mixtures 7:2.9:0.1 by weight of NCM622, β-Li3PS4 or Li6PS5Cl and Super C65 carbon black'; ratio normalized to 100 by multiplying every part by 100/10 = 10 (AM 7 -> 70, SE 2.9 -> 29, CA 0.1 -> 1); AM had been scaled but CA had not",2026-09-17
records.csv,nmc-1922,source_license,CC-BY-4.0,cc-by-4.0,license identifier lowercased,2026-09-17
records.csv,nmc-1081,source_license,CC-BY-4.0,cc-by-4.0,license identifier lowercased,2026-09-17
records.csv,nmc-0616,source_license,CC-BY-4.0,cc-by-4.0,license identifier lowercased,2026-09-17
records.csv,nmc-1125,source_license,CC-BY-4.0,cc-by-4.0,license identifier lowercased,2026-09-17
records.csv,nmc-1014,source_license,CC-BY-4.0,cc-by-4.0,license identifier lowercased,2026-09-17
records.csv,nmc-0401,source_license,CC-BY-4.0,cc-by-4.0,license identifier lowercased,2026-09-17
records.csv,nmc-1787,source_license,CC-BY-4.0,cc-by-4.0,license identifier lowercased,2026-09-17
records.csv,nmc-1320,cell_type,full cell,half cell,half-cell rule: a Li metal or Li-In alloy counter electrode makes the cell a half cell; the paper's term kept in cell_type_as_reported,2026-09-17
records.csv,nmc-1320,source_license,CC-BY-4.0,cc-by-4.0,license identifier lowercased,2026-09-17
records.csv,nmc-1562,source_license,CC-BY-4.0,cc-by-4.0,license identifier lowercased,2026-09-17
records.csv,nmc-0150,source_license,CC-BY-4.0,cc-by-4.0,license identifier lowercased,2026-09-17
records.csv,nmc-0170,source_license,CC-BY-4.0,cc-by-4.0,license identifier lowercased,2026-09-17
records.csv,nmc-1364,cell_type,not_reported,half cell,"half-cell rule: a Li metal or Li-In alloy counter electrode makes the cell a half cell; cell type was not reported, cell_type_as_reported keeps not_reported",2026-09-17
records.csv,nmc-1364,source_license,CC-BY-4.0,cc-by-4.0,license identifier lowercased,2026-09-17
records.csv,nmc-0209,source_license,CC-BY-4.0,cc-by-4.0,license identifier lowercased,2026-09-17
records.csv,nmc-1196,source_license,CC-BY-4.0,cc-by-4.0,license identifier lowercased,2026-09-17
records.csv,nmc-0094,cell_type,full cell,half cell,half-cell rule: a Li metal or Li-In alloy counter electrode makes the cell a half cell; the paper's term kept in cell_type_as_reported,2026-09-17
records.csv,nmc-0094,source_license,CC-BY-4.0,cc-by-4.0,license identifier lowercased,2026-09-17
records.csv,nmc-0250,source_license,CC-BY-4.0,cc-by-4.0,license identifier lowercased,2026-09-17
records.csv,nmc-1467,cell_type,not_reported,half cell,"half-cell rule: a Li metal or Li-In alloy counter electrode makes the cell a half cell; cell type was not reported, cell_type_as_reported keeps not_reported",2026-09-17
records.csv,nmc-1467,source_license,CC-BY-4.0,cc-by-4.0,license identifier lowercased,2026-09-17
records.csv,nmc-0485,cell_type,full cell,half cell,half-cell rule: a Li metal or Li-In alloy counter electrode makes the cell a half cell; the paper's term kept in cell_type_as_reported,2026-09-17
records.csv,nmc-0485,source_license,CC-BY-4.0,cc-by-4.0,license identifier lowercased,2026-09-17
records.csv,nmc-1580,source_license,CC-BY-4.0,cc-by-4.0,license identifier lowercased,2026-09-17
records.csv,nmc-1129,source_license,CC-BY-4.0,cc-by-4.0,license identifier lowercased,2026-09-17
records.csv,nmc-1110,source_license,CC-BY-4.0,cc-by-4.0,license identifier lowercased,2026-09-17
records.csv,nmc-0764,source_license,CC-BY-4.0,cc-by-4.0,license identifier lowercased,2026-09-17
records.csv,nmc-0924,cell_type,full cell,half cell,half-cell rule: a Li metal or Li-In alloy counter electrode makes the cell a half cell; the paper's term kept in cell_type_as_reported,2026-09-17
records.csv,nmc-0924,source_license,CC-BY-4.0,cc-by-4.0,license identifier lowercased,2026-09-17
records.csv,nmc-1383,cell_type,full cell,half cell,half-cell rule: a Li metal or Li-In alloy counter electrode makes the cell a half cell; the paper's term kept in cell_type_as_reported,2026-09-17
records.csv,nmc-1383,source_license,CC-BY-4.0,cc-by-4.0,license identifier lowercased,2026-09-17
records.csv,nmc-0239,conductive_additive_wt_pct,5,10,rule Σ: explicitly named conductive additives summed (super-P 5 + KS-6 5),2026-09-17
records.csv,nmc-0239,source_license,CC-BY-4.0,cc-by-4.0,license identifier lowercased,2026-09-17
records.csv,nmc-1713,source_license,CC-BY-4.0,cc-by-4.0,license identifier lowercased,2026-09-17
records.csv,nmc-1389,cell_type,full cell,half cell,half-cell rule: a Li metal or Li-In alloy counter electrode makes the cell a half cell; the paper's term kept in cell_type_as_reported,2026-09-17
records.csv,nmc-1389,source_license,CC-BY-4.0,cc-by-4.0,license identifier lowercased,2026-09-17
records.csv,nmc-0240,source_license,CC-BY-4.0,cc-by-4.0,license identifier lowercased,2026-09-17
records.csv,nmc-1667,source_license,CC-BY-4.0,cc-by-4.0,license identifier lowercased,2026-09-17
records.csv,nmc-1301,source_license,CC-BY-4.0,cc-by-4.0,license identifier lowercased,2026-09-17
records.csv,nmc-1191,source_license,CC-BY-4.0,cc-by-4.0,license identifier lowercased,2026-09-17
records.csv,nmc-0857,source_license,CC-BY-4.0,cc-by-4.0,license identifier lowercased,2026-09-17
records.csv,nmc-0388,cell_type,full cell,half cell,half-cell rule: a Li metal or Li-In alloy counter electrode makes the cell a half cell; the paper's term kept in cell_type_as_reported,2026-09-17
records.csv,nmc-0388,source_license,CC-BY-4.0,cc-by-4.0,license identifier lowercased,2026-09-17
records.csv,nmc-1785,source_license,CC-BY-4.0,cc-by-4.0,license identifier lowercased,2026-09-17
records.csv,nmc-1793,source_license,CC-BY-4.0,cc-by-4.0,license identifier lowercased,2026-09-17
records.csv,nmc-0664,source_license,CC-BY-4.0,cc-by-4.0,license identifier lowercased,2026-09-17
records.csv,nmc-0235,conductive_additive_wt_pct,5,10,rule Σ: explicitly named conductive additives summed (super-P 5 + KS-6 5),2026-09-17
records.csv,nmc-0235,source_license,CC-BY-4.0,cc-by-4.0,license identifier lowercased,2026-09-17
records.csv,nmc-0615,source_license,CC-BY-4.0,cc-by-4.0,license identifier lowercased,2026-09-17
records.csv,nmc-1214,source_license,CC-BY-4.0,cc-by-4.0,license identifier lowercased,2026-09-17
records.csv,nmc-0445,source_license,CC-BY-4.0,cc-by-4.0,license identifier lowercased,2026-09-17
records.csv,nmc-0298,cell_type,full cell,half cell,half-cell rule: a Li metal or Li-In alloy counter electrode makes the cell a half cell; the paper's term kept in cell_type_as_reported,2026-09-17
records.csv,nmc-0298,source_license,CC-BY-4.0,cc-by-4.0,license identifier lowercased,2026-09-17
records.csv,nmc-0748,source_license,CC-BY-4.0,cc-by-4.0,license identifier lowercased,2026-09-17
records.csv,nmc-0337,source_license,CC-BY-4.0,cc-by-4.0,license identifier lowercased,2026-09-17
records.csv,nmc-1683,source_license,CC-BY-4.0,cc-by-4.0,license identifier lowercased,2026-09-17
records.csv,nmc-0415,source_license,CC-BY-4.0,cc-by-4.0,license identifier lowercased,2026-09-17
records.csv,nmc-0160,source_license,CC-BY-4.0,cc-by-4.0,license identifier lowercased,2026-09-17
records.csv,nmc-1256,cell_type,full cell,half cell,half-cell rule: a Li metal or Li-In alloy counter electrode makes the cell a half cell; the paper's term kept in cell_type_as_reported,2026-09-17
records.csv,nmc-1256,source_license,CC-BY-4.0,cc-by-4.0,license identifier lowercased,2026-09-17
records.csv,nmc-1392,cell_type,full cell,half cell,half-cell rule: a Li metal or Li-In alloy counter electrode makes the cell a half cell; the paper's term kept in cell_type_as_reported,2026-09-17
records.csv,nmc-1392,source_license,CC-BY-4.0,cc-by-4.0,license identifier lowercased,2026-09-17
records.csv,nmc-0044,cell_type,full cell,half cell,half-cell rule: a Li metal or Li-In alloy counter electrode makes the cell a half cell; the paper's term kept in cell_type_as_reported,2026-09-17
records.csv,nmc-0044,source_license,CC-BY-4.0,cc-by-4.0,license identifier lowercased,2026-09-17
records.csv,nmc-1512,cell_type,not_reported,half cell,"half-cell rule: a Li metal or Li-In alloy counter electrode makes the cell a half cell; cell type was not reported, cell_type_as_reported keeps not_reported",2026-09-17
records.csv,nmc-1512,source_license,CC-BY-4.0,cc-by-4.0,license identifier lowercased,2026-09-17
records.csv,nmc-0189,source_license,CC-BY-4.0,cc-by-4.0,license identifier lowercased,2026-09-17
records.csv,nmc-0375,cell_type,full cell,half cell,half-cell rule: a Li metal or Li-In alloy counter electrode makes the cell a half cell; the paper's term kept in cell_type_as_reported,2026-09-17
records.csv,nmc-0375,source_license,CC-BY-4.0,cc-by-4.0,license identifier lowercased,2026-09-17
records.csv,nmc-0666,source_license,CC-BY-4.0,cc-by-4.0,license identifier lowercased,2026-09-17
records.csv,nmc-0932,cell_type,full cell,half cell,half-cell rule: a Li metal or Li-In alloy counter electrode makes the cell a half cell; the paper's term kept in cell_type_as_reported,2026-09-17
records.csv,nmc-0932,source_license,CC-BY-4.0,cc-by-4.0,license identifier lowercased,2026-09-17
records.csv,nmc-0987,source_license,CC-BY-4.0,cc-by-4.0,license identifier lowercased,2026-09-17
records.csv,nmc-0727,cell_type,not_reported,half cell,"half-cell rule: a Li metal or Li-In alloy counter electrode makes the cell a half cell; cell type was not reported, cell_type_as_reported keeps not_reported",2026-09-17
records.csv,nmc-0727,source_license,CC-BY-4.0,cc-by-4.0,license identifier lowercased,2026-09-17
records.csv,nmc-1622,source_license,CC-BY-4.0,cc-by-4.0,license identifier lowercased,2026-09-17
records.csv,nmc-0420,source_license,CC-BY-4.0,cc-by-4.0,license identifier lowercased,2026-09-17
records.csv,nmc-0889,active_material_wt_pct,28,,"wrong formulation attached: values came from the Cl-cHBC/graphite hybrid anode (80 wt.% active, 10 wt.% Super C45, 10 wt.% PVDF); 'same procedure' does not establish a composition when the referenced procedure contains formulation details that may belong specifically to the anode, so the cathode composition is not established (28 was unsupported under any reading)",2026-09-17
records.csv,nmc-0889,conductive_additive_wt_pct,10,,"wrong formulation attached: values came from the Cl-cHBC/graphite hybrid anode (80 wt.% active, 10 wt.% Super C45, 10 wt.% PVDF); 'same procedure' does not establish a composition when the referenced procedure contains formulation details that may belong specifically to the anode, so the cathode composition is not established",2026-09-17
records.csv,nmc-0889,binder_wt_pct,10,,"wrong formulation attached: values came from the Cl-cHBC/graphite hybrid anode (80 wt.% active, 10 wt.% Super C45, 10 wt.% PVDF); 'same procedure' does not establish a composition when the referenced procedure contains formulation details that may belong specifically to the anode, so the cathode composition is not established",2026-09-17
records.csv,nmc-0889,electrode_ratio_raw,"Cl-cHBC 40 wt.%, graphite 40 wt.%, Super C45 10 wt.%, PVDF 10 wt.%","not established for the cathode; paper: 'The SC-NCM811 cathode was prepared using the same procedure as described above, with the only difference being that it was cast onto aluminum foil.'","wrong formulation attached: values came from the Cl-cHBC/graphite hybrid anode (80 wt.% active, 10 wt.% Super C45, 10 wt.% PVDF); 'same procedure' does not establish a composition when the referenced procedure contains formulation details that may belong specifically to the anode, so the cathode composition is not established; anode composition text replaced by the paper's cathode sentence",2026-09-17
records.csv,nmc-0889,source_license,CC-BY-4.0,cc-by-4.0,license identifier lowercased,2026-09-17
records.csv,nmc-0717,active_material_wt_pct,11,,"extraction error: 11 appears nowhere in the paper; the Experimental section gives NMC622 '85–94 wt%' across all samples, so the active wt% of the 10 wt% cE electrode is not established; range kept in electrode_ratio_raw",2026-09-17
records.csv,nmc-0717,source_license,CC-BY-4.0,cc-by-4.0,license identifier lowercased,2026-09-17
records.csv,nmc-1344,cell_type,full cell,half cell,half-cell rule: a Li metal or Li-In alloy counter electrode makes the cell a half cell; the paper's term kept in cell_type_as_reported,2026-09-17
records.csv,nmc-1344,source_license,CC-BY-4.0,cc-by-4.0,license identifier lowercased,2026-09-17
records.csv,nmc-1370,cell_type,full cell,half cell,half-cell rule: a Li metal or Li-In alloy counter electrode makes the cell a half cell; the paper's term kept in cell_type_as_reported,2026-09-17
records.csv,nmc-1370,source_license,CC-BY-4.0,cc-by-4.0,license identifier lowercased,2026-09-17
records.csv,nmc-1872,source_license,CC-BY-4.0,cc-by-4.0,license identifier lowercased,2026-09-17
records.csv,nmc-0783,source_license,CC-BY-4.0,cc-by-4.0,license identifier lowercased,2026-09-17
records.csv,nmc-0962,voltage_upper_vs_Li_V,4.32,4.3,paper-stated value preferred over derived value: '3.7 V ... vs. In/LiIn (4.3 V ... vs. Li/Li+)'; previous value was computed with the +0.62 V Li-In offset,2026-09-17
records.csv,nmc-0962,source_license,CC-BY-4.0,cc-by-4.0,license identifier lowercased,2026-09-17
records.csv,nmc-1298,source_license,CC-BY-4.0,cc-by-4.0,license identifier lowercased,2026-09-17
records.csv,nmc-0050,cell_type,full cell,half cell,half-cell rule: a Li metal or Li-In alloy counter electrode makes the cell a half cell; the paper's term kept in cell_type_as_reported,2026-09-17
records.csv,nmc-0050,source_license,CC-BY-4.0,cc-by-4.0,license identifier lowercased,2026-09-17
records.csv,nmc-1891,cell_type,full cell,half cell,half-cell rule: a Li metal or Li-In alloy counter electrode makes the cell a half cell; the paper's term kept in cell_type_as_reported,2026-09-17
records.csv,nmc-1891,source_license,CC-BY-4.0,cc-by-4.0,license identifier lowercased,2026-09-17
records.csv,nmc-0060,source_license,CC-BY-4.0,cc-by-4.0,license identifier lowercased,2026-09-17
records.csv,nmc-0326,source_license,CC-BY-4.0,cc-by-4.0,license identifier lowercased,2026-09-17
records.csv,nmc-1708,source_license,CC-BY-4.0,cc-by-4.0,license identifier lowercased,2026-09-17
records.csv,nmc-0045,cell_type,full cell,half cell,half-cell rule: a Li metal or Li-In alloy counter electrode makes the cell a half cell; the paper's term kept in cell_type_as_reported,2026-09-17
records.csv,nmc-0045,source_license,CC-BY-4.0,cc-by-4.0,license identifier lowercased,2026-09-17
records.csv,nmc-1349,cell_type,full cell,half cell,half-cell rule: a Li metal or Li-In alloy counter electrode makes the cell a half cell; the paper's term kept in cell_type_as_reported,2026-09-17
records.csv,nmc-1349,source_license,CC-BY-4.0,cc-by-4.0,license identifier lowercased,2026-09-17
records.csv,nmc-0205,source_license,CC-BY-4.0,cc-by-4.0,license identifier lowercased,2026-09-17
records.csv,nmc-1952,source_license,CC-BY-4.0,cc-by-4.0,license identifier lowercased,2026-09-17
records.csv,nmc-1744,source_license,CC-BY-4.0,cc-by-4.0,license identifier lowercased,2026-09-17
records.csv,nmc-0385,cell_type,full cell,half cell,half-cell rule: a Li metal or Li-In alloy counter electrode makes the cell a half cell; the paper's term kept in cell_type_as_reported,2026-09-17
records.csv,nmc-0385,source_license,CC-BY-4.0,cc-by-4.0,license identifier lowercased,2026-09-17
records.csv,nmc-0667,source_license,CC-BY-4.0,cc-by-4.0,license identifier lowercased,2026-09-17
records.csv,nmc-1012,source_license,CC-BY-4.0,cc-by-4.0,license identifier lowercased,2026-09-17
records.csv,nmc-0746,source_license,CC-BY-4.0,cc-by-4.0,license identifier lowercased,2026-09-17
records.csv,nmc-0488,cell_type,full cell,half cell,half-cell rule: a Li metal or Li-In alloy counter electrode makes the cell a half cell; the paper's term kept in cell_type_as_reported,2026-09-17
records.csv,nmc-0488,source_license,CC-BY-4.0,cc-by-4.0,license identifier lowercased,2026-09-17
records.csv,nmc-1173,source_license,CC-BY-4.0,cc-by-4.0,license identifier lowercased,2026-09-17
records.csv,nmc-1250,cell_type,full cell,half cell,half-cell rule: a Li metal or Li-In alloy counter electrode makes the cell a half cell; the paper's term kept in cell_type_as_reported,2026-09-17
records.csv,nmc-1250,source_license,CC-BY-4.0,cc-by-4.0,license identifier lowercased,2026-09-17
records.csv,nmc-0583,source_license,CC-BY-4.0,cc-by-4.0,license identifier lowercased,2026-09-17
records.csv,nmc-1327,cell_type,full cell,half cell,half-cell rule: a Li metal or Li-In alloy counter electrode makes the cell a half cell; the paper's term kept in cell_type_as_reported,2026-09-17
records.csv,nmc-1327,source_license,CC-BY-4.0,cc-by-4.0,license identifier lowercased,2026-09-17
records.csv,nmc-1806,source_license,CC-BY-4.0,cc-by-4.0,license identifier lowercased,2026-09-17
records.csv,nmc-1291,source_license,CC-BY-4.0,cc-by-4.0,license identifier lowercased,2026-09-17
records.csv,nmc-1294,source_license,CC-BY-4.0,cc-by-4.0,license identifier lowercased,2026-09-17
records.csv,nmc-0151,source_license,CC-BY-4.0,cc-by-4.0,license identifier lowercased,2026-09-17
records.csv,nmc-0284,source_license,CC-BY-4.0,cc-by-4.0,license identifier lowercased,2026-09-17
records.csv,nmc-1107,source_license,CC-BY-4.0,cc-by-4.0,license identifier lowercased,2026-09-17
records.csv,nmc-1812,cell_type,full cell,half cell,half-cell rule: a Li metal or Li-In alloy counter electrode makes the cell a half cell; the paper's term kept in cell_type_as_reported,2026-09-17
records.csv,nmc-1812,source_license,CC-BY-4.0,cc-by-4.0,license identifier lowercased,2026-09-17
records.csv,nmc-1304,source_license,CC-BY-4.0,cc-by-4.0,license identifier lowercased,2026-09-17
records.csv,nmc-1532,cell_type,not_reported,half cell,"half-cell rule: a Li metal or Li-In alloy counter electrode makes the cell a half cell; cell type was not reported, cell_type_as_reported keeps not_reported",2026-09-17
records.csv,nmc-1532,source_license,CC-BY-4.0,cc-by-4.0,license identifier lowercased,2026-09-17
records.csv,nmc-1374,cell_type,full cell,half cell,half-cell rule: a Li metal or Li-In alloy counter electrode makes the cell a half cell; the paper's term kept in cell_type_as_reported,2026-09-17
records.csv,nmc-1374,source_license,CC-BY-4.0,cc-by-4.0,license identifier lowercased,2026-09-17
records.csv,nmc-1958,source_license,CC-BY-4.0,cc-by-4.0,license identifier lowercased,2026-09-17
records.csv,nmc-0469,source_license,CC-BY-4.0,cc-by-4.0,license identifier lowercased,2026-09-17
records.csv,nmc-0412,source_license,CC-BY-4.0,cc-by-4.0,license identifier lowercased,2026-09-17
records.csv,nmc-0418,source_license,CC-BY-4.0,cc-by-4.0,license identifier lowercased,2026-09-17
records.csv,nmc-0046,cell_type,full cell,half cell,half-cell rule: a Li metal or Li-In alloy counter electrode makes the cell a half cell; the paper's term kept in cell_type_as_reported,2026-09-17
records.csv,nmc-0046,source_license,CC-BY-4.0,cc-by-4.0,license identifier lowercased,2026-09-17
records.csv,nmc-0714,active_material_wt_pct,11,,"extraction error: 11 appears nowhere in the paper; the Experimental section gives NMC622 '85–94 wt%' across all samples, so the active wt% of the 10 wt% cE electrode is not established; range kept in electrode_ratio_raw",2026-09-17
records.csv,nmc-0714,source_license,CC-BY-4.0,cc-by-4.0,license identifier lowercased,2026-09-17
records.csv,nmc-1688,source_license,CC-BY-4.0,cc-by-4.0,license identifier lowercased,2026-09-17
records.csv,nmc-0505,cell_type,full cell,half cell,half-cell rule: a Li metal or Li-In alloy counter electrode makes the cell a half cell; the paper's term kept in cell_type_as_reported,2026-09-17
records.csv,nmc-0505,source_license,CC-BY-4.0,cc-by-4.0,license identifier lowercased,2026-09-17
records.csv,nmc-0139,source_license,CC-BY-4.0,cc-by-4.0,license identifier lowercased,2026-09-17
records.csv,nmc-0559,source_license,CC-BY-4.0,cc-by-4.0,license identifier lowercased,2026-09-17
records.csv,nmc-1384,cell_type,full cell,half cell,half-cell rule: a Li metal or Li-In alloy counter electrode makes the cell a half cell; the paper's term kept in cell_type_as_reported,2026-09-17
records.csv,nmc-1384,source_license,CC-BY-4.0,cc-by-4.0,license identifier lowercased,2026-09-17
records.csv,nmc-0419,source_license,CC-BY-4.0,cc-by-4.0,license identifier lowercased,2026-09-17
records.csv,nmc-0425,source_license,CC-BY-4.0,cc-by-4.0,license identifier lowercased,2026-09-17
records.csv,nmc-1016,source_license,CC-BY-4.0,cc-by-4.0,license identifier lowercased,2026-09-17
records.csv,nmc-0525,active_material_wt_pct,92,92.5,"decimal rule: electrode_ratio_raw explicitly gives a decimal wt% for the component, so the paper-stated decimal replaces the rounded whole-number extraction; paper: 'active materials, super P … and polyvinylidene fluoride in a weight ratio of 92.5:4.5:3'",2026-09-17
records.csv,nmc-0525,source_license,CC-BY-4.0,cc-by-4.0,license identifier lowercased,2026-09-17
records.csv,nmc-1598,source_license,CC-BY-4.0,cc-by-4.0,license identifier lowercased,2026-09-17
records.csv,nmc-0334,source_license,CC-BY-4.0,cc-by-4.0,license identifier lowercased,2026-09-17
records.csv,nmc-1856,source_license,CC-BY-4.0,cc-by-4.0,license identifier lowercased,2026-09-17
records.csv,nmc-0076,source_license,CC-BY-4.0,cc-by-4.0,license identifier lowercased,2026-09-17
records.csv,nmc-0077,source_license,CC-BY-4.0,cc-by-4.0,license identifier lowercased,2026-09-17
records.csv,nmc-0047,cell_type,full cell,half cell,half-cell rule: a Li metal or Li-In alloy counter electrode makes the cell a half cell; the paper's term kept in cell_type_as_reported,2026-09-17
records.csv,nmc-0047,source_license,CC-BY-4.0,cc-by-4.0,license identifier lowercased,2026-09-17
records.csv,nmc-1864,source_license,CC-BY-4.0,cc-by-4.0,license identifier lowercased,2026-09-17
records.csv,nmc-0749,source_license,CC-BY-4.0,cc-by-4.0,license identifier lowercased,2026-09-17
records.csv,nmc-0931,cell_type,full cell,half cell,half-cell rule: a Li metal or Li-In alloy counter electrode makes the cell a half cell; the paper's term kept in cell_type_as_reported,2026-09-17
records.csv,nmc-0931,source_license,CC-BY-4.0,cc-by-4.0,license identifier lowercased,2026-09-17
records.csv,nmc-0981,source_license,CC-BY-4.0,cc-by-4.0,license identifier lowercased,2026-09-17
records.csv,nmc-0844,source_license,CC-BY-4.0,cc-by-4.0,license identifier lowercased,2026-09-17
records.csv,nmc-1314,cell_type,full cell,half cell,half-cell rule: a Li metal or Li-In alloy counter electrode makes the cell a half cell; the paper's term kept in cell_type_as_reported,2026-09-17
records.csv,nmc-1314,source_license,CC-BY-4.0,cc-by-4.0,license identifier lowercased,2026-09-17
records.csv,nmc-1391,cell_type,full cell,half cell,half-cell rule: a Li metal or Li-In alloy counter electrode makes the cell a half cell; the paper's term kept in cell_type_as_reported,2026-09-17
records.csv,nmc-1391,source_license,CC-BY-4.0,cc-by-4.0,license identifier lowercased,2026-09-17
records.csv,nmc-0821,source_license,CC-BY-4.0,cc-by-4.0,license identifier lowercased,2026-09-17
records.csv,nmc-0584,source_license,CC-BY-4.0,cc-by-4.0,license identifier lowercased,2026-09-17
records.csv,nmc-1687,source_license,CC-BY-4.0,cc-by-4.0,license identifier lowercased,2026-09-17
records.csv,nmc-0246,source_license,CC-BY-4.0,cc-by-4.0,license identifier lowercased,2026-09-17
records.csv,nmc-0049,cell_type,full cell,half cell,half-cell rule: a Li metal or Li-In alloy counter electrode makes the cell a half cell; the paper's term kept in cell_type_as_reported,2026-09-17
records.csv,nmc-0049,source_license,CC-BY-4.0,cc-by-4.0,license identifier lowercased,2026-09-17
records.csv,nmc-0123,source_license,CC-BY-4.0,cc-by-4.0,license identifier lowercased,2026-09-17
records.csv,nmc-1887,cell_type,full cell,half cell,half-cell rule: a Li metal or Li-In alloy counter electrode makes the cell a half cell; the paper's term kept in cell_type_as_reported,2026-09-17
records.csv,nmc-1887,source_license,CC-BY-4.0,cc-by-4.0,license identifier lowercased,2026-09-17
records.csv,nmc-1158,source_license,CC-BY-4.0,cc-by-4.0,license identifier lowercased,2026-09-17
records.csv,nmc-0929,cell_type,full cell,half cell,half-cell rule: a Li metal or Li-In alloy counter electrode makes the cell a half cell; the paper's term kept in cell_type_as_reported,2026-09-17
records.csv,nmc-0929,source_license,CC-BY-4.0,cc-by-4.0,license identifier lowercased,2026-09-17
records.csv,nmc-1393,cell_type,full cell,half cell,half-cell rule: a Li metal or Li-In alloy counter electrode makes the cell a half cell; the paper's term kept in cell_type_as_reported,2026-09-17
records.csv,nmc-1393,source_license,CC-BY-4.0,cc-by-4.0,license identifier lowercased,2026-09-17
records.csv,nmc-0283,source_license,CC-BY-4.0,cc-by-4.0,license identifier lowercased,2026-09-17
records.csv,nmc-1371,cell_type,full cell,half cell,half-cell rule: a Li metal or Li-In alloy counter electrode makes the cell a half cell; the paper's term kept in cell_type_as_reported,2026-09-17
records.csv,nmc-1371,source_license,CC-BY-4.0,cc-by-4.0,license identifier lowercased,2026-09-17
records.csv,nmc-1926,cell_type,full cell,half cell,half-cell rule: a Li metal or Li-In alloy counter electrode makes the cell a half cell; the paper's term kept in cell_type_as_reported,2026-09-17
records.csv,nmc-1926,source_license,CC-BY-4.0,cc-by-4.0,license identifier lowercased,2026-09-17
records.csv,nmc-1855,source_license,CC-BY-4.0,cc-by-4.0,license identifier lowercased,2026-09-17
records.csv,nmc-1019,source_license,CC-BY-4.0,cc-by-4.0,license identifier lowercased,2026-09-17
records.csv,nmc-1468,cell_type,not_reported,half cell,"half-cell rule: a Li metal or Li-In alloy counter electrode makes the cell a half cell; cell type was not reported, cell_type_as_reported keeps not_reported",2026-09-17
records.csv,nmc-1468,source_license,CC-BY-4.0,cc-by-4.0,license identifier lowercased,2026-09-17
records.csv,nmc-1284,source_license,CC-BY-4.0,cc-by-4.0,license identifier lowercased,2026-09-17
records.csv,nmc-0707,source_license,CC-BY-4.0,cc-by-4.0,license identifier lowercased,2026-09-17
records.csv,nmc-1820,cell_type,full cell,half cell,half-cell rule: a Li metal or Li-In alloy counter electrode makes the cell a half cell; the paper's term kept in cell_type_as_reported,2026-09-17
records.csv,nmc-1820,source_license,CC-BY-4.0,cc-by-4.0,license identifier lowercased,2026-09-17
records.csv,nmc-1517,cell_type,not_reported,half cell,"half-cell rule: a Li metal or Li-In alloy counter electrode makes the cell a half cell; cell type was not reported, cell_type_as_reported keeps not_reported",2026-09-17
records.csv,nmc-1517,source_license,CC-BY-4.0,cc-by-4.0,license identifier lowercased,2026-09-17
records.csv,nmc-1264,source_license,CC-BY-4.0,cc-by-4.0,license identifier lowercased,2026-09-17
records.csv,nmc-1786,source_license,CC-BY-4.0,cc-by-4.0,license identifier lowercased,2026-09-17
records.csv,nmc-1111,source_license,CC-BY-4.0,cc-by-4.0,license identifier lowercased,2026-09-17
records.csv,nmc-1844,source_license,CC-BY-4.0,cc-by-4.0,license identifier lowercased,2026-09-17
records.csv,nmc-0195,source_license,CC-BY-4.0,cc-by-4.0,license identifier lowercased,2026-09-17
records.csv,nmc-1919,conductive_additive_wt_pct,0.1,1,"mixed scale: paper 'cathode composites were prepared by milling mixtures 7:2.9:0.1 by weight of NCM622, β-Li3PS4 or Li6PS5Cl and Super C65 carbon black'; ratio normalized to 100 by multiplying every part by 100/10 = 10 (AM 7 -> 70, SE 2.9 -> 29, CA 0.1 -> 1); AM had been scaled but CA had not",2026-09-17
records.csv,nmc-1919,source_license,CC-BY-4.0,cc-by-4.0,license identifier lowercased,2026-09-17
records.csv,nmc-1230,source_license,CC-BY-4.0,cc-by-4.0,license identifier lowercased,2026-09-17
records.csv,nmc-0884,active_material_wt_pct,28,,"wrong formulation attached: values came from the Cl-cHBC/graphite hybrid anode (80 wt.% active, 10 wt.% Super C45, 10 wt.% PVDF); 'same procedure' does not establish a composition when the referenced procedure contains formulation details that may belong specifically to the anode, so the cathode composition is not established (28 was unsupported under any reading)",2026-09-17
records.csv,nmc-0884,conductive_additive_wt_pct,10,,"wrong formulation attached: values came from the Cl-cHBC/graphite hybrid anode (80 wt.% active, 10 wt.% Super C45, 10 wt.% PVDF); 'same procedure' does not establish a composition when the referenced procedure contains formulation details that may belong specifically to the anode, so the cathode composition is not established",2026-09-17
records.csv,nmc-0884,binder_wt_pct,10,,"wrong formulation attached: values came from the Cl-cHBC/graphite hybrid anode (80 wt.% active, 10 wt.% Super C45, 10 wt.% PVDF); 'same procedure' does not establish a composition when the referenced procedure contains formulation details that may belong specifically to the anode, so the cathode composition is not established",2026-09-17
records.csv,nmc-0884,electrode_ratio_raw,"Cl-cHBC 40 wt.%, graphite 40 wt.%, Super C45 10 wt.%, PVDF 10 wt.%","not established for the cathode; paper: 'The SC-NCM811 cathode was prepared using the same procedure as described above, with the only difference being that it was cast onto aluminum foil.'","wrong formulation attached: values came from the Cl-cHBC/graphite hybrid anode (80 wt.% active, 10 wt.% Super C45, 10 wt.% PVDF); 'same procedure' does not establish a composition when the referenced procedure contains formulation details that may belong specifically to the anode, so the cathode composition is not established; anode composition text replaced by the paper's cathode sentence",2026-09-17
records.csv,nmc-0884,source_license,CC-BY-4.0,cc-by-4.0,license identifier lowercased,2026-09-17
records.csv,nmc-1880,cell_type,full cell,half cell,half-cell rule: a Li metal or Li-In alloy counter electrode makes the cell a half cell; the paper's term kept in cell_type_as_reported,2026-09-17
records.csv,nmc-1880,source_license,CC-BY-4.0,cc-by-4.0,license identifier lowercased,2026-09-17
records.csv,nmc-1176,source_license,CC-BY-4.0,cc-by-4.0,license identifier lowercased,2026-09-17
records.csv,nmc-1736,source_license,CC-BY-4.0,cc-by-4.0,license identifier lowercased,2026-09-17
records.csv,nmc-0369,cell_type,full cell,half cell,half-cell rule: a Li metal or Li-In alloy counter electrode makes the cell a half cell; the paper's term kept in cell_type_as_reported,2026-09-17
records.csv,nmc-0369,source_license,CC-BY-4.0,cc-by-4.0,license identifier lowercased,2026-09-17
records.csv,nmc-1794,source_license,CC-BY-4.0,cc-by-4.0,license identifier lowercased,2026-09-17
records.csv,nmc-1067,source_license,CC-BY-4.0,cc-by-4.0,license identifier lowercased,2026-09-17
records.csv,nmc-1165,source_license,CC-BY-4.0,cc-by-4.0,license identifier lowercased,2026-09-17
records.csv,nmc-1216,source_license,CC-BY-4.0,cc-by-4.0,license identifier lowercased,2026-09-17
records.csv,nmc-0630,source_license,CC-BY-4.0,cc-by-4.0,license identifier lowercased,2026-09-17
records.csv,nmc-1577,source_license,CC-BY-4.0,cc-by-4.0,license identifier lowercased,2026-09-17
records.csv,nmc-1876,cell_type,full cell,half cell,half-cell rule: a Li metal or Li-In alloy counter electrode makes the cell a half cell; the paper's term kept in cell_type_as_reported,2026-09-17
records.csv,nmc-1876,source_license,CC-BY-4.0,cc-by-4.0,license identifier lowercased,2026-09-17
records.csv,nmc-0955,cell_type,full cell,half cell,half-cell rule: a Li metal or Li-In alloy counter electrode makes the cell a half cell; the paper's term kept in cell_type_as_reported,2026-09-17
records.csv,nmc-0955,source_license,CC-BY-4.0,cc-by-4.0,license identifier lowercased,2026-09-17
records.csv,nmc-1918,conductive_additive_wt_pct,0.1,1,"mixed scale: paper 'cathode composites were prepared by milling mixtures 7:2.9:0.1 by weight of NCM622, β-Li3PS4 or Li6PS5Cl and Super C65 carbon black'; ratio normalized to 100 by multiplying every part by 100/10 = 10 (AM 7 -> 70, SE 2.9 -> 29, CA 0.1 -> 1); AM had been scaled but CA had not",2026-09-17
records.csv,nmc-1918,source_license,CC-BY-4.0,cc-by-4.0,license identifier lowercased,2026-09-17
records.csv,nmc-1900,source_license,CC-BY-4.0,cc-by-4.0,license identifier lowercased,2026-09-17
records.csv,nmc-1361,cell_type,not_reported,half cell,"half-cell rule: a Li metal or Li-In alloy counter electrode makes the cell a half cell; cell type was not reported, cell_type_as_reported keeps not_reported",2026-09-17
records.csv,nmc-1361,source_license,CC-BY-4.0,cc-by-4.0,license identifier lowercased,2026-09-17
records.csv,nmc-1624,source_license,CC-BY-4.0,cc-by-4.0,license identifier lowercased,2026-09-17
records.csv,nmc-1701,source_license,CC-BY-4.0,cc-by-4.0,license identifier lowercased,2026-09-17
records.csv,nmc-1021,source_license,CC-BY-4.0,cc-by-4.0,license identifier lowercased,2026-09-17
records.csv,nmc-1130,source_license,CC-BY-4.0,cc-by-4.0,license identifier lowercased,2026-09-17
records.csv,nmc-1321,cell_type,full cell,half cell,half-cell rule: a Li metal or Li-In alloy counter electrode makes the cell a half cell; the paper's term kept in cell_type_as_reported,2026-09-17
records.csv,nmc-1321,source_license,CC-BY-4.0,cc-by-4.0,license identifier lowercased,2026-09-17
records.csv,nmc-1345,cell_type,full cell,half cell,half-cell rule: a Li metal or Li-In alloy counter electrode makes the cell a half cell; the paper's term kept in cell_type_as_reported,2026-09-17
records.csv,nmc-1345,source_license,CC-BY-4.0,cc-by-4.0,license identifier lowercased,2026-09-17
records.csv,nmc-1528,cell_type,not_reported,half cell,"half-cell rule: a Li metal or Li-In alloy counter electrode makes the cell a half cell; cell type was not reported, cell_type_as_reported keeps not_reported",2026-09-17
records.csv,nmc-1528,source_license,CC-BY-4.0,cc-by-4.0,license identifier lowercased,2026-09-17
records.csv,nmc-0429,source_license,CC-BY-4.0,cc-by-4.0,license identifier lowercased,2026-09-17
records.csv,nmc-1712,source_license,CC-BY-4.0,cc-by-4.0,license identifier lowercased,2026-09-17
records.csv,nmc-1716,source_license,CC-BY-4.0,cc-by-4.0,license identifier lowercased,2026-09-17
records.csv,nmc-1222,source_license,CC-BY-4.0,cc-by-4.0,license identifier lowercased,2026-09-17
records.csv,nmc-0152,source_license,CC-BY-4.0,cc-by-4.0,license identifier lowercased,2026-09-17
records.csv,nmc-1877,cell_type,full cell,half cell,half-cell rule: a Li metal or Li-In alloy counter electrode makes the cell a half cell; the paper's term kept in cell_type_as_reported,2026-09-17
records.csv,nmc-1877,source_license,CC-BY-4.0,cc-by-4.0,license identifier lowercased,2026-09-17
records.csv,nmc-1965,source_license,CC-BY-4.0,cc-by-4.0,license identifier lowercased,2026-09-17
records.csv,nmc-0430,source_license,CC-BY-4.0,cc-by-4.0,license identifier lowercased,2026-09-17
records.csv,nmc-1892,cell_type,full cell,half cell,half-cell rule: a Li metal or Li-In alloy counter electrode makes the cell a half cell; the paper's term kept in cell_type_as_reported,2026-09-17
records.csv,nmc-1892,source_license,CC-BY-4.0,cc-by-4.0,license identifier lowercased,2026-09-17
records.csv,nmc-0155,source_license,CC-BY-4.0,cc-by-4.0,license identifier lowercased,2026-09-17
records.csv,nmc-0439,source_license,CC-BY-4.0,cc-by-4.0,license identifier lowercased,2026-09-17
records.csv,nmc-1142,source_license,CC-BY-4.0,cc-by-4.0,license identifier lowercased,2026-09-17
records.csv,nmc-1023,source_license,CC-BY-4.0,cc-by-4.0,license identifier lowercased,2026-09-17
records.csv,nmc-0720,active_material_wt_pct,11,,"extraction error: 11 appears nowhere in the paper; the Experimental section gives NMC622 '85–94 wt%' across all samples, so the active wt% of the 10 wt% cE electrode is not established; range kept in electrode_ratio_raw",2026-09-17
records.csv,nmc-0720,source_license,CC-BY-4.0,cc-by-4.0,license identifier lowercased,2026-09-17
records.csv,nmc-1524,cell_type,not_reported,half cell,"half-cell rule: a Li metal or Li-In alloy counter electrode makes the cell a half cell; cell type was not reported, cell_type_as_reported keeps not_reported",2026-09-17
records.csv,nmc-1524,source_license,CC-BY-4.0,cc-by-4.0,license identifier lowercased,2026-09-17
records.csv,nmc-0376,cell_type,full cell,half cell,half-cell rule: a Li metal or Li-In alloy counter electrode makes the cell a half cell; the paper's term kept in cell_type_as_reported,2026-09-17
records.csv,nmc-0376,source_license,CC-BY-4.0,cc-by-4.0,license identifier lowercased,2026-09-17
records.csv,nmc-0958,voltage_upper_vs_Li_V,4.32,4.3,paper-stated value preferred over derived value: '3.7 V ... vs. In/LiIn (4.3 V ... vs. Li/Li+)'; previous value was computed with the +0.62 V Li-In offset,2026-09-17
records.csv,nmc-0958,conductive_additive_wt_pct,,3,"value omitted: paper 'relative weight ratio of AM:CA:SE = 67:3:30 (active material = AM, conducting additive = CA, solid electrolyte = SE)'",2026-09-17
records.csv,nmc-0958,source_license,CC-BY-4.0,cc-by-4.0,license identifier lowercased,2026-09-17
records.csv,nmc-0148,source_license,CC-BY-4.0,cc-by-4.0,license identifier lowercased,2026-09-17
records.csv,nmc-1737,source_license,CC-BY-4.0,cc-by-4.0,license identifier lowercased,2026-09-17
records.csv,nmc-0888,active_material_wt_pct,28,,"wrong formulation attached: values came from the Cl-cHBC/graphite hybrid anode (80 wt.% active, 10 wt.% Super C45, 10 wt.% PVDF); 'same procedure' does not establish a composition when the referenced procedure contains formulation details that may belong specifically to the anode, so the cathode composition is not established (28 was unsupported under any reading)",2026-09-17
records.csv,nmc-0888,conductive_additive_wt_pct,10,,"wrong formulation attached: values came from the Cl-cHBC/graphite hybrid anode (80 wt.% active, 10 wt.% Super C45, 10 wt.% PVDF); 'same procedure' does not establish a composition when the referenced procedure contains formulation details that may belong specifically to the anode, so the cathode composition is not established",2026-09-17
records.csv,nmc-0888,binder_wt_pct,10,,"wrong formulation attached: values came from the Cl-cHBC/graphite hybrid anode (80 wt.% active, 10 wt.% Super C45, 10 wt.% PVDF); 'same procedure' does not establish a composition when the referenced procedure contains formulation details that may belong specifically to the anode, so the cathode composition is not established",2026-09-17
records.csv,nmc-0888,electrode_ratio_raw,"Cl-cHBC 40 wt.%, graphite 40 wt.%, Super C45 10 wt.%, PVDF 10 wt.%","not established for the cathode; paper: 'The SC-NCM811 cathode was prepared using the same procedure as described above, with the only difference being that it was cast onto aluminum foil.'","wrong formulation attached: values came from the Cl-cHBC/graphite hybrid anode (80 wt.% active, 10 wt.% Super C45, 10 wt.% PVDF); 'same procedure' does not establish a composition when the referenced procedure contains formulation details that may belong specifically to the anode, so the cathode composition is not established; anode composition text replaced by the paper's cathode sentence",2026-09-17
records.csv,nmc-0888,source_license,CC-BY-4.0,cc-by-4.0,license identifier lowercased,2026-09-17
records.csv,nmc-1350,cell_type,full cell,half cell,half-cell rule: a Li metal or Li-In alloy counter electrode makes the cell a half cell; the paper's term kept in cell_type_as_reported,2026-09-17
records.csv,nmc-1350,source_license,CC-BY-4.0,cc-by-4.0,license identifier lowercased,2026-09-17
records.csv,nmc-1428,source_license,CC-BY-4.0,cc-by-4.0,license identifier lowercased,2026-09-17
records.csv,nmc-0665,source_license,CC-BY-4.0,cc-by-4.0,license identifier lowercased,2026-09-17
records.csv,nmc-1873,source_license,CC-BY-4.0,cc-by-4.0,license identifier lowercased,2026-09-17
records.csv,nmc-0238,conductive_additive_wt_pct,5,10,rule Σ: explicitly named conductive additives summed (super-P 5 + KS-6 5),2026-09-17
records.csv,nmc-0238,source_license,CC-BY-4.0,cc-by-4.0,license identifier lowercased,2026-09-17
records.csv,nmc-1017,source_license,CC-BY-4.0,cc-by-4.0,license identifier lowercased,2026-09-17
records.csv,nmc-0750,source_license,CC-BY-4.0,cc-by-4.0,license identifier lowercased,2026-09-17
records.csv,nmc-0386,cell_type,full cell,half cell,half-cell rule: a Li metal or Li-In alloy counter electrode makes the cell a half cell; the paper's term kept in cell_type_as_reported,2026-09-17
records.csv,nmc-0386,source_license,CC-BY-4.0,cc-by-4.0,license identifier lowercased,2026-09-17
records.csv,nmc-1372,cell_type,full cell,half cell,half-cell rule: a Li metal or Li-In alloy counter electrode makes the cell a half cell; the paper's term kept in cell_type_as_reported,2026-09-17
records.csv,nmc-1372,source_license,CC-BY-4.0,cc-by-4.0,license identifier lowercased,2026-09-17
records.csv,nmc-1050,source_license,CC-BY-4.0,cc-by-4.0,license identifier lowercased,2026-09-17
records.csv,nmc-0751,source_license,CC-BY-4.0,cc-by-4.0,license identifier lowercased,2026-09-17
records.csv,nmc-1591,active_material_wt_pct,89,89.29,"decimal rule: electrode_ratio_raw explicitly gives a decimal wt% for the component, so the paper-stated decimal replaces the rounded whole-number extraction; paper Table 2: NCM 89,29 / Graphite 3,57 / CB 3,57 / PVDF 3,57 wt%",2026-09-17
records.csv,nmc-1591,source_license,CC-BY-4.0,cc-by-4.0,license identifier lowercased,2026-09-17
records.csv,nmc-1390,cell_type,full cell,half cell,half-cell rule: a Li metal or Li-In alloy counter electrode makes the cell a half cell; the paper's term kept in cell_type_as_reported,2026-09-17
records.csv,nmc-1390,source_license,CC-BY-4.0,cc-by-4.0,license identifier lowercased,2026-09-17
records.csv,nmc-1625,source_license,CC-BY-4.0,cc-by-4.0,license identifier lowercased,2026-09-17
records.csv,nmc-1923,conductive_additive_wt_pct,0.1,1,"mixed scale: paper 'cathode composites were prepared by milling mixtures 7:2.9:0.1 by weight of NCM622, β-Li3PS4 or Li6PS5Cl and Super C65 carbon black'; ratio normalized to 100 by multiplying every part by 100/10 = 10 (AM 7 -> 70, SE 2.9 -> 29, CA 0.1 -> 1); AM had been scaled but CA had not",2026-09-17
records.csv,nmc-1923,source_license,CC-BY-4.0,cc-by-4.0,license identifier lowercased,2026-09-17
records.csv,nmc-1942,source_license,CC-BY-4.0,cc-by-4.0,license identifier lowercased,2026-09-17
records.csv,nmc-1335,cell_type,full cell,half cell,half-cell rule: a Li metal or Li-In alloy counter electrode makes the cell a half cell; the paper's term kept in cell_type_as_reported,2026-09-17
records.csv,nmc-1335,source_license,CC-BY-4.0,cc-by-4.0,license identifier lowercased,2026-09-17
records.csv,nmc-1159,source_license,CC-BY-4.0,cc-by-4.0,license identifier lowercased,2026-09-17
records.csv,nmc-0427,source_license,CC-BY-4.0,cc-by-4.0,license identifier lowercased,2026-09-17
records.csv,nmc-0441,source_license,CC-BY-4.0,cc-by-4.0,license identifier lowercased,2026-09-17
records.csv,nmc-1944,source_license,CC-BY-4.0,cc-by-4.0,license identifier lowercased,2026-09-17
records.csv,nmc-1048,source_license,CC-BY-4.0,cc-by-4.0,license identifier lowercased,2026-09-17
records.csv,nmc-0024,cell_type,full cell,half cell,half-cell rule: a Li metal or Li-In alloy counter electrode makes the cell a half cell; the paper's term kept in cell_type_as_reported,2026-09-17
records.csv,nmc-0024,source_license,CC-BY-4.0,cc-by-4.0,license identifier lowercased,2026-09-17
records.csv,nmc-1331,cell_type,full cell,half cell,half-cell rule: a Li metal or Li-In alloy counter electrode makes the cell a half cell; the paper's term kept in cell_type_as_reported,2026-09-17
records.csv,nmc-1331,source_license,CC-BY-4.0,cc-by-4.0,license identifier lowercased,2026-09-17
records.csv,nmc-1126,source_license,CC-BY-4.0,cc-by-4.0,license identifier lowercased,2026-09-17
records.csv,nmc-0737,source_license,CC-BY-4.0,cc-by-4.0,license identifier lowercased,2026-09-17
records.csv,nmc-1328,cell_type,full cell,half cell,half-cell rule: a Li metal or Li-In alloy counter electrode makes the cell a half cell; the paper's term kept in cell_type_as_reported,2026-09-17
records.csv,nmc-1328,source_license,CC-BY-4.0,cc-by-4.0,license identifier lowercased,2026-09-17
records.csv,nmc-0843,source_license,CC-BY-4.0,cc-by-4.0,license identifier lowercased,2026-09-17
records.csv,nmc-0206,source_license,CC-BY-4.0,cc-by-4.0,license identifier lowercased,2026-09-17
records.csv,nmc-1178,source_license,CC-BY-4.0,cc-by-4.0,license identifier lowercased,2026-09-17
records.csv,nmc-1182,source_license,CC-BY-4.0,cc-by-4.0,license identifier lowercased,2026-09-17
records.csv,nmc-1186,source_license,CC-BY-4.0,cc-by-4.0,license identifier lowercased,2026-09-17
records.csv,nmc-1731,source_license,CC-BY-4.0,cc-by-4.0,license identifier lowercased,2026-09-17
records.csv,nmc-0858,source_license,CC-BY-4.0,cc-by-4.0,license identifier lowercased,2026-09-17
records.csv,nmc-0416,source_license,CC-BY-4.0,cc-by-4.0,license identifier lowercased,2026-09-17
records.csv,nmc-1953,source_license,CC-BY-4.0,cc-by-4.0,license identifier lowercased,2026-09-17
records.csv,nmc-0470,source_license,CC-BY-4.0,cc-by-4.0,license identifier lowercased,2026-09-17
records.csv,nmc-1112,source_license,CC-BY-4.0,cc-by-4.0,license identifier lowercased,2026-09-17
records.csv,nmc-1332,cell_type,full cell,half cell,half-cell rule: a Li metal or Li-In alloy counter electrode makes the cell a half cell; the paper's term kept in cell_type_as_reported,2026-09-17
records.csv,nmc-1332,source_license,CC-BY-4.0,cc-by-4.0,license identifier lowercased,2026-09-17
records.csv,nmc-1085,source_license,CC-BY-4.0,cc-by-4.0,license identifier lowercased,2026-09-17
records.csv,nmc-0027,cell_type,full cell,half cell,half-cell rule: a Li metal or Li-In alloy counter electrode makes the cell a half cell; the paper's term kept in cell_type_as_reported,2026-09-17
records.csv,nmc-0027,source_license,CC-BY-4.0,cc-by-4.0,license identifier lowercased,2026-09-17
records.csv,nmc-1728,source_license,CC-BY-4.0,cc-by-4.0,license identifier lowercased,2026-09-17
records.csv,nmc-1015,source_license,CC-BY-4.0,cc-by-4.0,license identifier lowercased,2026-09-17
records.csv,nmc-1334,cell_type,full cell,half cell,half-cell rule: a Li metal or Li-In alloy counter electrode makes the cell a half cell; the paper's term kept in cell_type_as_reported,2026-09-17
records.csv,nmc-1334,source_license,CC-BY-4.0,cc-by-4.0,license identifier lowercased,2026-09-17
records.csv,nmc-1599,source_license,CC-BY-4.0,cc-by-4.0,license identifier lowercased,2026-09-17
records.csv,nmc-0668,source_license,CC-BY-4.0,cc-by-4.0,license identifier lowercased,2026-09-17
records.csv,nmc-1407,source_license,CC-BY-4.0,cc-by-4.0,license identifier lowercased,2026-09-17
records.csv,nmc-1834,source_license,CC-BY-4.0,cc-by-4.0,license identifier lowercased,2026-09-17
records.csv,nmc-1234,source_license,CC-BY-4.0,cc-by-4.0,license identifier lowercased,2026-09-17
records.csv,nmc-1251,cell_type,full cell,half cell,half-cell rule: a Li metal or Li-In alloy counter electrode makes the cell a half cell; the paper's term kept in cell_type_as_reported,2026-09-17
records.csv,nmc-1251,source_license,CC-BY-4.0,cc-by-4.0,license identifier lowercased,2026-09-17
records.csv,nmc-1717,source_license,CC-BY-4.0,cc-by-4.0,license identifier lowercased,2026-09-17
records.csv,nmc-0885,active_material_wt_pct,28,,"wrong formulation attached: values came from the Cl-cHBC/graphite hybrid anode (80 wt.% active, 10 wt.% Super C45, 10 wt.% PVDF); 'same procedure' does not establish a composition when the referenced procedure contains formulation details that may belong specifically to the anode, so the cathode composition is not established (28 was unsupported under any reading)",2026-09-17
records.csv,nmc-0885,conductive_additive_wt_pct,10,,"wrong formulation attached: values came from the Cl-cHBC/graphite hybrid anode (80 wt.% active, 10 wt.% Super C45, 10 wt.% PVDF); 'same procedure' does not establish a composition when the referenced procedure contains formulation details that may belong specifically to the anode, so the cathode composition is not established",2026-09-17
records.csv,nmc-0885,binder_wt_pct,10,,"wrong formulation attached: values came from the Cl-cHBC/graphite hybrid anode (80 wt.% active, 10 wt.% Super C45, 10 wt.% PVDF); 'same procedure' does not establish a composition when the referenced procedure contains formulation details that may belong specifically to the anode, so the cathode composition is not established",2026-09-17
records.csv,nmc-0885,electrode_ratio_raw,"Cl-cHBC 40 wt.%, graphite 40 wt.%, Super C45 10 wt.%, PVDF 10 wt.%","not established for the cathode; paper: 'The SC-NCM811 cathode was prepared using the same procedure as described above, with the only difference being that it was cast onto aluminum foil.'","wrong formulation attached: values came from the Cl-cHBC/graphite hybrid anode (80 wt.% active, 10 wt.% Super C45, 10 wt.% PVDF); 'same procedure' does not establish a composition when the referenced procedure contains formulation details that may belong specifically to the anode, so the cathode composition is not established; anode composition text replaced by the paper's cathode sentence",2026-09-17
records.csv,nmc-0885,source_license,CC-BY-4.0,cc-by-4.0,license identifier lowercased,2026-09-17
records.csv,nmc-0730,cell_type,not_reported,half cell,"half-cell rule: a Li metal or Li-In alloy counter electrode makes the cell a half cell; cell type was not reported, cell_type_as_reported keeps not_reported",2026-09-17
records.csv,nmc-0730,source_license,CC-BY-4.0,cc-by-4.0,license identifier lowercased,2026-09-17
records.csv,nmc-1885,cell_type,full cell,half cell,half-cell rule: a Li metal or Li-In alloy counter electrode makes the cell a half cell; the paper's term kept in cell_type_as_reported,2026-09-17
records.csv,nmc-1885,source_license,CC-BY-4.0,cc-by-4.0,license identifier lowercased,2026-09-17
records.csv,nmc-1265,source_license,CC-BY-4.0,cc-by-4.0,license identifier lowercased,2026-09-17
records.csv,nmc-0876,source_license,CC-BY-4.0,cc-by-4.0,license identifier lowercased,2026-09-17
records.csv,nmc-1144,source_license,CC-BY-4.0,cc-by-4.0,license identifier lowercased,2026-09-17
records.csv,nmc-0251,source_license,CC-BY-4.0,cc-by-4.0,license identifier lowercased,2026-09-17
records.csv,nmc-0260,source_license,CC-BY-4.0,cc-by-4.0,license identifier lowercased,2026-09-17
records.csv,nmc-0426,source_license,CC-BY-4.0,cc-by-4.0,license identifier lowercased,2026-09-17
records.csv,nmc-0428,source_license,CC-BY-4.0,cc-by-4.0,license identifier lowercased,2026-09-17
records.csv,nmc-1821,cell_type,full cell,half cell,half-cell rule: a Li metal or Li-In alloy counter electrode makes the cell a half cell; the paper's term kept in cell_type_as_reported,2026-09-17
records.csv,nmc-1821,source_license,CC-BY-4.0,cc-by-4.0,license identifier lowercased,2026-09-17
records.csv,nmc-0672,source_license,CC-BY-4.0,cc-by-4.0,license identifier lowercased,2026-09-17
records.csv,nmc-0252,source_license,CC-BY-4.0,cc-by-4.0,license identifier lowercased,2026-09-17
records.csv,nmc-0413,source_license,CC-BY-4.0,cc-by-4.0,license identifier lowercased,2026-09-17
records.csv,nmc-0670,source_license,CC-BY-4.0,cc-by-4.0,license identifier lowercased,2026-09-17
records.csv,nmc-1533,cell_type,not_reported,half cell,"half-cell rule: a Li metal or Li-In alloy counter electrode makes the cell a half cell; cell type was not reported, cell_type_as_reported keeps not_reported",2026-09-17
records.csv,nmc-1533,source_license,CC-BY-4.0,cc-by-4.0,license identifier lowercased,2026-09-17
records.csv,nmc-1184,source_license,CC-BY-4.0,cc-by-4.0,license identifier lowercased,2026-09-17
records.csv,nmc-1836,source_license,CC-BY-4.0,cc-by-4.0,license identifier lowercased,2026-09-17
records.csv,nmc-0171,source_license,CC-BY-4.0,cc-by-4.0,license identifier lowercased,2026-09-17
records.csv,nmc-0842,source_license,CC-BY-4.0,cc-by-4.0,license identifier lowercased,2026-09-17
records.csv,nmc-0863,source_license,CC-BY-4.0,cc-by-4.0,license identifier lowercased,2026-09-17
records.csv,nmc-0253,source_license,CC-BY-4.0,cc-by-4.0,license identifier lowercased,2026-09-17
records.csv,nmc-0261,source_license,CC-BY-4.0,cc-by-4.0,license identifier lowercased,2026-09-17
records.csv,nmc-0051,cell_type,full cell,half cell,half-cell rule: a Li metal or Li-In alloy counter electrode makes the cell a half cell; the paper's term kept in cell_type_as_reported,2026-09-17
records.csv,nmc-0051,source_license,CC-BY-4.0,cc-by-4.0,license identifier lowercased,2026-09-17
records.csv,nmc-1346,cell_type,full cell,half cell,half-cell rule: a Li metal or Li-In alloy counter electrode makes the cell a half cell; the paper's term kept in cell_type_as_reported,2026-09-17
records.csv,nmc-1346,source_license,CC-BY-4.0,cc-by-4.0,license identifier lowercased,2026-09-17
records.csv,nmc-1378,source_license,CC-BY-4.0,cc-by-4.0,license identifier lowercased,2026-09-17
records.csv,nmc-0877,source_license,CC-BY-4.0,cc-by-4.0,license identifier lowercased,2026-09-17
records.csv,nmc-1025,source_license,CC-BY-4.0,cc-by-4.0,license identifier lowercased,2026-09-17
records.csv,nmc-1131,source_license,CC-BY-4.0,cc-by-4.0,license identifier lowercased,2026-09-17
records.csv,nmc-1174,source_license,CC-BY-4.0,cc-by-4.0,license identifier lowercased,2026-09-17
records.csv,nmc-0256,source_license,CC-BY-4.0,cc-by-4.0,license identifier lowercased,2026-09-17
records.csv,nmc-0391,cell_type,full cell,half cell,half-cell rule: a Li metal or Li-In alloy counter electrode makes the cell a half cell; the paper's term kept in cell_type_as_reported,2026-09-17
records.csv,nmc-0391,source_license,CC-BY-4.0,cc-by-4.0,license identifier lowercased,2026-09-17
records.csv,nmc-1231,source_license,CC-BY-4.0,cc-by-4.0,license identifier lowercased,2026-09-17
records.csv,nmc-0933,cell_type,full cell,half cell,half-cell rule: a Li metal or Li-In alloy counter electrode makes the cell a half cell; the paper's term kept in cell_type_as_reported,2026-09-17
records.csv,nmc-0933,source_license,CC-BY-4.0,cc-by-4.0,license identifier lowercased,2026-09-17
records.csv,nmc-0335,source_license,CC-BY-4.0,cc-by-4.0,license identifier lowercased,2026-09-17
records.csv,nmc-1197,source_license,CC-BY-4.0,cc-by-4.0,license identifier lowercased,2026-09-17
records.csv,nmc-1188,source_license,CC-BY-4.0,cc-by-4.0,license identifier lowercased,2026-09-17
records.csv,nmc-1499,source_license,CC-BY-4.0,cc-by-4.0,license identifier lowercased,2026-09-17
records.csv,nmc-1909,source_license,CC-BY-4.0,cc-by-4.0,license identifier lowercased,2026-09-17
records.csv,nmc-0473,source_license,CC-BY-4.0,cc-by-4.0,license identifier lowercased,2026-09-17
records.csv,nmc-0029,cell_type,full cell,half cell,half-cell rule: a Li metal or Li-In alloy counter electrode makes the cell a half cell; the paper's term kept in cell_type_as_reported,2026-09-17
records.csv,nmc-0029,source_license,CC-BY-4.0,cc-by-4.0,license identifier lowercased,2026-09-17
records.csv,nmc-0127,source_license,CC-BY-4.0,cc-by-4.0,license identifier lowercased,2026-09-17
records.csv,nmc-1029,source_license,CC-BY-4.0,cc-by-4.0,license identifier lowercased,2026-09-17
records.csv,nmc-1799,source_license,CC-BY-4.0,cc-by-4.0,license identifier lowercased,2026-09-17
records.csv,nmc-0440,source_license,CC-BY-4.0,cc-by-4.0,license identifier lowercased,2026-09-17
records.csv,nmc-1252,cell_type,full cell,half cell,half-cell rule: a Li metal or Li-In alloy counter electrode makes the cell a half cell; the paper's term kept in cell_type_as_reported,2026-09-17
records.csv,nmc-1252,source_license,CC-BY-4.0,cc-by-4.0,license identifier lowercased,2026-09-17
records.csv,nmc-1943,source_license,CC-BY-4.0,cc-by-4.0,license identifier lowercased,2026-09-17
records.csv,nmc-0262,source_license,CC-BY-4.0,cc-by-4.0,license identifier lowercased,2026-09-17
records.csv,nmc-1336,cell_type,full cell,half cell,half-cell rule: a Li metal or Li-In alloy counter electrode makes the cell a half cell; the paper's term kept in cell_type_as_reported,2026-09-17
records.csv,nmc-1336,source_license,CC-BY-4.0,cc-by-4.0,license identifier lowercased,2026-09-17
records.csv,nmc-0886,active_material_wt_pct,28,,"wrong formulation attached: values came from the Cl-cHBC/graphite hybrid anode (80 wt.% active, 10 wt.% Super C45, 10 wt.% PVDF); 'same procedure' does not establish a composition when the referenced procedure contains formulation details that may belong specifically to the anode, so the cathode composition is not established (28 was unsupported under any reading)",2026-09-17
records.csv,nmc-0886,conductive_additive_wt_pct,10,,"wrong formulation attached: values came from the Cl-cHBC/graphite hybrid anode (80 wt.% active, 10 wt.% Super C45, 10 wt.% PVDF); 'same procedure' does not establish a composition when the referenced procedure contains formulation details that may belong specifically to the anode, so the cathode composition is not established",2026-09-17
records.csv,nmc-0886,binder_wt_pct,10,,"wrong formulation attached: values came from the Cl-cHBC/graphite hybrid anode (80 wt.% active, 10 wt.% Super C45, 10 wt.% PVDF); 'same procedure' does not establish a composition when the referenced procedure contains formulation details that may belong specifically to the anode, so the cathode composition is not established",2026-09-17
records.csv,nmc-0886,electrode_ratio_raw,"Cl-cHBC 40 wt.%, graphite 40 wt.%, Super C45 10 wt.%, PVDF 10 wt.%","not established for the cathode; paper: 'The SC-NCM811 cathode was prepared using the same procedure as described above, with the only difference being that it was cast onto aluminum foil.'","wrong formulation attached: values came from the Cl-cHBC/graphite hybrid anode (80 wt.% active, 10 wt.% Super C45, 10 wt.% PVDF); 'same procedure' does not establish a composition when the referenced procedure contains formulation details that may belong specifically to the anode, so the cathode composition is not established; anode composition text replaced by the paper's cathode sentence",2026-09-17
records.csv,nmc-0886,source_license,CC-BY-4.0,cc-by-4.0,license identifier lowercased,2026-09-17
records.csv,nmc-1668,source_license,CC-BY-4.0,cc-by-4.0,license identifier lowercased,2026-09-17
records.csv,nmc-0190,source_license,CC-BY-4.0,cc-by-4.0,license identifier lowercased,2026-09-17
records.csv,nmc-0255,source_license,CC-BY-4.0,cc-by-4.0,license identifier lowercased,2026-09-17
records.csv,nmc-0257,source_license,CC-BY-4.0,cc-by-4.0,license identifier lowercased,2026-09-17
records.csv,nmc-1193,source_license,CC-BY-4.0,cc-by-4.0,license identifier lowercased,2026-09-17
records.csv,nmc-1976,cell_type,full cell,half cell,half-cell rule: a Li metal or Li-In alloy counter electrode makes the cell a half cell; the paper's term kept in cell_type_as_reported,2026-09-17
records.csv,nmc-1976,source_license,CC-BY-4.0,cc-by-4.0,license identifier lowercased,2026-09-17
records.csv,nmc-0387,cell_type,full cell,half cell,half-cell rule: a Li metal or Li-In alloy counter electrode makes the cell a half cell; the paper's term kept in cell_type_as_reported,2026-09-17
records.csv,nmc-0387,source_license,CC-BY-4.0,cc-by-4.0,license identifier lowercased,2026-09-17
records.csv,nmc-1689,source_license,CC-BY-4.0,cc-by-4.0,license identifier lowercased,2026-09-17
records.csv,nmc-0179,source_license,CC-BY-4.0,cc-by-4.0,license identifier lowercased,2026-09-17
records.csv,nmc-1800,source_license,CC-BY-4.0,cc-by-4.0,license identifier lowercased,2026-09-17
records.csv,nmc-1253,cell_type,full cell,half cell,half-cell rule: a Li metal or Li-In alloy counter electrode makes the cell a half cell; the paper's term kept in cell_type_as_reported,2026-09-17
records.csv,nmc-1253,source_license,CC-BY-4.0,cc-by-4.0,license identifier lowercased,2026-09-17
records.csv,nmc-1592,active_material_wt_pct,89,89.29,"decimal rule: electrode_ratio_raw explicitly gives a decimal wt% for the component, so the paper-stated decimal replaces the rounded whole-number extraction; paper Table 2: NCM 89,29 / Graphite 3,57 / CB 3,57 / PVDF 3,57 wt%",2026-09-17
records.csv,nmc-1592,source_license,CC-BY-4.0,cc-by-4.0,license identifier lowercased,2026-09-17
records.csv,nmc-1351,cell_type,full cell,half cell,half-cell rule: a Li metal or Li-In alloy counter electrode makes the cell a half cell; the paper's term kept in cell_type_as_reported,2026-09-17
records.csv,nmc-1351,source_license,CC-BY-4.0,cc-by-4.0,license identifier lowercased,2026-09-17
records.csv,nmc-1195,source_license,CC-BY-4.0,cc-by-4.0,license identifier lowercased,2026-09-17
records.csv,nmc-1788,source_license,CC-BY-4.0,cc-by-4.0,license identifier lowercased,2026-09-17
records.csv,nmc-0669,source_license,CC-BY-4.0,cc-by-4.0,license identifier lowercased,2026-09-17
records.csv,nmc-0925,cell_type,full cell,half cell,half-cell rule: a Li metal or Li-In alloy counter electrode makes the cell a half cell; the paper's term kept in cell_type_as_reported,2026-09-17
records.csv,nmc-0925,source_license,CC-BY-4.0,cc-by-4.0,license identifier lowercased,2026-09-17
records.csv,nmc-1414,source_license,CC-BY-4.0,cc-by-4.0,license identifier lowercased,2026-09-17
records.csv,nmc-0377,cell_type,full cell,half cell,half-cell rule: a Li metal or Li-In alloy counter electrode makes the cell a half cell; the paper's term kept in cell_type_as_reported,2026-09-17
records.csv,nmc-0377,source_license,CC-BY-4.0,cc-by-4.0,license identifier lowercased,2026-09-17
records.csv,nmc-0327,source_license,CC-BY-4.0,cc-by-4.0,license identifier lowercased,2026-09-17
records.csv,nmc-0501,source_license,CC-BY-4.0,cc-by-4.0,license identifier lowercased,2026-09-17
records.csv,nmc-0487,cell_type,full cell,half cell,half-cell rule: a Li metal or Li-In alloy counter electrode makes the cell a half cell; the paper's term kept in cell_type_as_reported,2026-09-17
records.csv,nmc-0487,source_license,CC-BY-4.0,cc-by-4.0,license identifier lowercased,2026-09-17
records.csv,nmc-1690,source_license,CC-BY-4.0,cc-by-4.0,license identifier lowercased,2026-09-17
records.csv,nmc-1179,source_license,CC-BY-4.0,cc-by-4.0,license identifier lowercased,2026-09-17
records.csv,nmc-0814,source_license,CC-BY-4.0,cc-by-4.0,license identifier lowercased,2026-09-17
records.csv,nmc-1945,source_license,CC-BY-4.0,cc-by-4.0,license identifier lowercased,2026-09-17
records.csv,nmc-1232,source_license,CC-BY-4.0,cc-by-4.0,license identifier lowercased,2026-09-17
records.csv,nmc-1354,cell_type,not_reported,half cell,"half-cell rule: a Li metal or Li-In alloy counter electrode makes the cell a half cell; cell type was not reported, cell_type_as_reported keeps not_reported",2026-09-17
records.csv,nmc-1354,source_license,CC-BY-4.0,cc-by-4.0,license identifier lowercased,2026-09-17
records.csv,nmc-1886,cell_type,full cell,half cell,half-cell rule: a Li metal or Li-In alloy counter electrode makes the cell a half cell; the paper's term kept in cell_type_as_reported,2026-09-17
records.csv,nmc-1886,source_license,CC-BY-4.0,cc-by-4.0,license identifier lowercased,2026-09-17
records.csv,nmc-1254,cell_type,full cell,half cell,half-cell rule: a Li metal or Li-In alloy counter electrode makes the cell a half cell; the paper's term kept in cell_type_as_reported,2026-09-17
records.csv,nmc-1254,source_license,CC-BY-4.0,cc-by-4.0,license identifier lowercased,2026-09-17
records.csv,nmc-1835,source_license,CC-BY-4.0,cc-by-4.0,license identifier lowercased,2026-09-17
records.csv,nmc-1166,source_license,CC-BY-4.0,cc-by-4.0,license identifier lowercased,2026-09-17
records.csv,nmc-0628,source_license,CC-BY-4.0,cc-by-4.0,license identifier lowercased,2026-09-17
records.csv,nmc-0078,source_license,CC-BY-4.0,cc-by-4.0,license identifier lowercased,2026-09-17
records.csv,nmc-0370,cell_type,full cell,half cell,half-cell rule: a Li metal or Li-In alloy counter electrode makes the cell a half cell; the paper's term kept in cell_type_as_reported,2026-09-17
records.csv,nmc-0370,source_license,CC-BY-4.0,cc-by-4.0,license identifier lowercased,2026-09-17
records.csv,nmc-0258,source_license,CC-BY-4.0,cc-by-4.0,license identifier lowercased,2026-09-17
records.csv,nmc-1066,source_license,CC-BY-4.0,cc-by-4.0,license identifier lowercased,2026-09-17
records.csv,nmc-0417,source_license,CC-BY-4.0,cc-by-4.0,license identifier lowercased,2026-09-17
records.csv,nmc-1412,source_license,CC-BY-4.0,cc-by-4.0,license identifier lowercased,2026-09-17
records.csv,nmc-0254,source_license,CC-BY-4.0,cc-by-4.0,license identifier lowercased,2026-09-17
records.csv,nmc-0263,source_license,CC-BY-4.0,cc-by-4.0,license identifier lowercased,2026-09-17
records.csv,nmc-1650,source_license,CC-BY-4.0,cc-by-4.0,license identifier lowercased,2026-09-17
records.csv,nmc-1959,source_license,CC-BY-4.0,cc-by-4.0,license identifier lowercased,2026-09-17
records.csv,nmc-0673,source_license,CC-BY-4.0,cc-by-4.0,license identifier lowercased,2026-09-17
records.csv,nmc-0140,source_license,CC-BY-4.0,cc-by-4.0,license identifier lowercased,2026-09-17
records.csv,nmc-1593,active_material_wt_pct,89,89.29,"decimal rule: electrode_ratio_raw explicitly gives a decimal wt% for the component, so the paper-stated decimal replaces the rounded whole-number extraction; paper Table 2: NCM 89,29 / Graphite 3,57 / CB 3,57 / PVDF 3,57 wt%",2026-09-17
records.csv,nmc-1593,source_license,CC-BY-4.0,cc-by-4.0,license identifier lowercased,2026-09-17
records.csv,nmc-1333,cell_type,full cell,half cell,half-cell rule: a Li metal or Li-In alloy counter electrode makes the cell a half cell; the paper's term kept in cell_type_as_reported,2026-09-17
records.csv,nmc-1333,source_license,CC-BY-4.0,cc-by-4.0,license identifier lowercased,2026-09-17
records.csv,nmc-0030,cell_type,full cell,half cell,half-cell rule: a Li metal or Li-In alloy counter electrode makes the cell a half cell; the paper's term kept in cell_type_as_reported,2026-09-17
records.csv,nmc-0030,source_license,CC-BY-4.0,cc-by-4.0,license identifier lowercased,2026-09-17
records.csv,nmc-1807,cell_type,full cell,half cell,half-cell rule: a Li metal or Li-In alloy counter electrode makes the cell a half cell; the paper's term kept in cell_type_as_reported,2026-09-17
records.csv,nmc-1807,source_license,CC-BY-4.0,cc-by-4.0,license identifier lowercased,2026-09-17
records.csv,nmc-1385,cell_type,full cell,half cell,half-cell rule: a Li metal or Li-In alloy counter electrode makes the cell a half cell; the paper's term kept in cell_type_as_reported,2026-09-17
records.csv,nmc-1385,source_license,CC-BY-4.0,cc-by-4.0,license identifier lowercased,2026-09-17
records.csv,nmc-1087,source_license,CC-BY-4.0,cc-by-4.0,license identifier lowercased,2026-09-17
records.csv,nmc-1223,source_license,CC-BY-4.0,cc-by-4.0,license identifier lowercased,2026-09-17
records.csv,nmc-0028,cell_type,full cell,half cell,half-cell rule: a Li metal or Li-In alloy counter electrode makes the cell a half cell; the paper's term kept in cell_type_as_reported,2026-09-17
records.csv,nmc-0028,source_license,CC-BY-4.0,cc-by-4.0,license identifier lowercased,2026-09-17
records.csv,nmc-0489,cell_type,full cell,half cell,half-cell rule: a Li metal or Li-In alloy counter electrode makes the cell a half cell; the paper's term kept in cell_type_as_reported,2026-09-17
records.csv,nmc-0489,source_license,CC-BY-4.0,cc-by-4.0,license identifier lowercased,2026-09-17
records.csv,nmc-0471,source_license,CC-BY-4.0,cc-by-4.0,license identifier lowercased,2026-09-17
records.csv,nmc-1427,source_license,CC-BY-4.0,cc-by-4.0,license identifier lowercased,2026-09-17
records.csv,nmc-1805,source_license,CC-BY-4.0,cc-by-4.0,license identifier lowercased,2026-09-17
records.csv,nmc-0674,source_license,CC-BY-4.0,cc-by-4.0,license identifier lowercased,2026-09-17
records.csv,nmc-0196,source_license,CC-BY-4.0,cc-by-4.0,license identifier lowercased,2026-09-17
records.csv,nmc-1235,source_license,CC-BY-4.0,cc-by-4.0,license identifier lowercased,2026-09-17
records.csv,nmc-1295,source_license,CC-BY-4.0,cc-by-4.0,license identifier lowercased,2026-09-17
records.csv,nmc-0392,cell_type,full cell,half cell,half-cell rule: a Li metal or Li-In alloy counter electrode makes the cell a half cell; the paper's term kept in cell_type_as_reported,2026-09-17
records.csv,nmc-0392,source_license,CC-BY-4.0,cc-by-4.0,license identifier lowercased,2026-09-17
records.csv,nmc-1402,source_license,CC-BY-4.0,cc-by-4.0,license identifier lowercased,2026-09-17
records.csv,nmc-0008,source_license,CC-BY-4.0,cc-by-4.0,license identifier lowercased,2026-09-17
records.csv,nmc-0728,cell_type,not_reported,half cell,"half-cell rule: a Li metal or Li-In alloy counter electrode makes the cell a half cell; cell type was not reported, cell_type_as_reported keeps not_reported",2026-09-17
records.csv,nmc-0728,source_license,CC-BY-4.0,cc-by-4.0,license identifier lowercased,2026-09-17
records.csv,nmc-0815,source_license,CC-BY-4.0,cc-by-4.0,license identifier lowercased,2026-09-17
records.csv,nmc-1411,source_license,CC-BY-4.0,cc-by-4.0,license identifier lowercased,2026-09-17
records.csv,nmc-1415,source_license,CC-BY-4.0,cc-by-4.0,license identifier lowercased,2026-09-17
records.csv,nmc-1132,source_license,CC-BY-4.0,cc-by-4.0,license identifier lowercased,2026-09-17
records.csv,nmc-1843,source_license,CC-BY-4.0,cc-by-4.0,license identifier lowercased,2026-09-17
records.csv,nmc-0191,source_license,CC-BY-4.0,cc-by-4.0,license identifier lowercased,2026-09-17
records.csv,nmc-0180,source_license,CC-BY-4.0,cc-by-4.0,license identifier lowercased,2026-09-17
records.csv,nmc-1160,source_license,CC-BY-4.0,cc-by-4.0,license identifier lowercased,2026-09-17
records.csv,nmc-0026,cell_type,full cell,half cell,half-cell rule: a Li metal or Li-In alloy counter electrode makes the cell a half cell; the paper's term kept in cell_type_as_reported,2026-09-17
records.csv,nmc-0026,source_license,CC-BY-4.0,cc-by-4.0,license identifier lowercased,2026-09-17
records.csv,nmc-1413,source_license,CC-BY-4.0,cc-by-4.0,license identifier lowercased,2026-09-17
records.csv,nmc-0878,source_license,CC-BY-4.0,cc-by-4.0,license identifier lowercased,2026-09-17
records.csv,nmc-0031,cell_type,full cell,half cell,half-cell rule: a Li metal or Li-In alloy counter electrode makes the cell a half cell; the paper's term kept in cell_type_as_reported,2026-09-17
records.csv,nmc-0031,source_license,CC-BY-4.0,cc-by-4.0,license identifier lowercased,2026-09-17
records.csv,nmc-0671,source_license,CC-BY-4.0,cc-by-4.0,license identifier lowercased,2026-09-17
records.csv,nmc-0197,source_license,CC-BY-4.0,cc-by-4.0,license identifier lowercased,2026-09-17
records.csv,nmc-1266,source_license,CC-BY-4.0,cc-by-4.0,license identifier lowercased,2026-09-17
records.csv,nmc-1401,source_license,CC-BY-4.0,cc-by-4.0,license identifier lowercased,2026-09-17
records.csv,nmc-0181,source_license,CC-BY-4.0,cc-by-4.0,license identifier lowercased,2026-09-17
records.csv,nmc-0192,source_license,CC-BY-4.0,cc-by-4.0,license identifier lowercased,2026-09-17
records.csv,nmc-0259,source_license,CC-BY-4.0,cc-by-4.0,license identifier lowercased,2026-09-17
records.csv,nmc-0183,source_license,CC-BY-4.0,cc-by-4.0,license identifier lowercased,2026-09-17
records.csv,nmc-1233,source_license,CC-BY-4.0,cc-by-4.0,license identifier lowercased,2026-09-17
records.csv,nmc-0198,source_license,CC-BY-4.0,cc-by-4.0,license identifier lowercased,2026-09-17
records.csv,nmc-1161,source_license,CC-BY-4.0,cc-by-4.0,license identifier lowercased,2026-09-17
records.csv,nmc-1691,source_license,CC-BY-4.0,cc-by-4.0,license identifier lowercased,2026-09-17
records.csv,nmc-0184,source_license,CC-BY-4.0,cc-by-4.0,license identifier lowercased,2026-09-17
records.csv,nmc-0185,source_license,CC-BY-4.0,cc-by-4.0,license identifier lowercased,2026-09-17
records.csv,nmc-0186,source_license,CC-BY-4.0,cc-by-4.0,license identifier lowercased,2026-09-17
records.csv,nmc-1983,morphology_descriptors,,not_reported,empty text field set to not_reported,2026-09-17
records.csv,nmc-1983,source_license,CC-BY-4.0,cc-by-4.0,license identifier lowercased,2026-09-17
records.csv,nmc-1984,morphology_descriptors,,not_reported,empty text field set to not_reported,2026-09-17
records.csv,nmc-1984,source_license,CC-BY-4.0,cc-by-4.0,license identifier lowercased,2026-09-17
records.csv,nmc-1985,morphology_descriptors,,not_reported,empty text field set to not_reported,2026-09-17
records.csv,nmc-1985,source_license,CC-BY-4.0,cc-by-4.0,license identifier lowercased,2026-09-17
records.csv,nmc-1986,morphology_descriptors,,not_reported,empty text field set to not_reported,2026-09-17
records.csv,nmc-1986,source_license,CC-BY-4.0,cc-by-4.0,license identifier lowercased,2026-09-17
records.csv,nmc-1987,morphology_descriptors,,not_reported,empty text field set to not_reported,2026-09-17
records.csv,nmc-1987,source_license,CC-BY-4.0,cc-by-4.0,license identifier lowercased,2026-09-17
records.csv,nmc-1988,morphology_descriptors,,not_reported,empty text field set to not_reported,2026-09-17
records.csv,nmc-1988,source_license,CC-BY-4.0,cc-by-4.0,license identifier lowercased,2026-09-17
records.csv,nmc-1989,morphology_descriptors,,not_reported,empty text field set to not_reported,2026-09-17
records.csv,nmc-1989,source_license,CC-BY-4.0,cc-by-4.0,license identifier lowercased,2026-09-17
records.csv,nmc-1990,morphology_descriptors,,not_reported,empty text field set to not_reported,2026-09-17
records.csv,nmc-1990,source_license,CC-BY-4.0,cc-by-4.0,license identifier lowercased,2026-09-17
records.csv,nmc-1991,morphology_descriptors,,not_reported,empty text field set to not_reported,2026-09-17
records.csv,nmc-1991,source_license,CC-BY-4.0,cc-by-4.0,license identifier lowercased,2026-09-17
04_reproducibility/reference_quotes.csv,v5-2F | 1 | c_rate,status / quote_or_reason,stated | Galvanostatic tests were performed using a Neware BTS4000-5V10mA Battery Testing System with a lithium foil disc as a counter electrode in the potential range of 2.7–4.3 V at room temperature at different current rates from 0.1C to 5C (1C = 200 mA/g).,stated | Table 3. Discharge capacity and capacity retention for the MW and CP NMC811 samples ... 0.1C 0.2C 0.5C 1C 2C 5C,status kept; quote moved from the methods to the value's own table (column 5C),2026-09-17
04_reproducibility/reference_quotes.csv,v5-2F | 2 | c_rate,status / quote_or_reason,stated | Galvanostatic tests were performed using a Neware BTS4000-5V10mA Battery Testing System with a lithium foil disc as a counter electrode in the potential range of 2.7–4.3 V at room temperature at different current rates from 0.1C to 5C (1C = 200 mA/g).,stated | Table 3. Discharge capacity and capacity retention for the MW and CP NMC811 samples ... 0.1C 0.2C 0.5C 1C 2C 5C,status kept; quote moved from the methods to the value's own table (column 5C),2026-09-17
04_reproducibility/reference_quotes.csv,v5-3F | 1 | cycle,status / quote_or_reason,stated | (a) First derivative of (b) the EPR signal intensity of NMC811 (broad signal); (c) dQ/dV and (d) the voltage change of the NMC811 cathode during charge (blue) and the discharge (orange) process in LP57 without VC additive at a C rate of 1/15C from 2.7 to 4.5 V during its first cycle.,stated_elsewhere | (a) First derivative of (b) the EPR signal intensity of NMC811 (broad signal); (c) dQ/dV and (d) the voltage change of the NMC811 cathode during charge (blue) and the discharge (orange) process in LP57 without VC additive at a C rate of 1/15C from 2.7 to 4.5 V during its first cycle.,"value's own sentence cites Figure S2; the quote is Figure 2's caption, another passage",2026-09-17
04_reproducibility/reference_quotes.csv,v5-3F | 1 | voltage_window,status / quote_or_reason,stated | (a) First derivative of (b) the EPR signal intensity of NMC811 (broad signal); (c) dQ/dV and (d) the voltage change of the NMC811 cathode during charge (blue) and the discharge (orange) process in LP57 without VC additive at a C rate of 1/15C from 2.7 to 4.5 V during its first cycle.,stated_elsewhere | (a) First derivative of (b) the EPR signal intensity of NMC811 (broad signal); (c) dQ/dV and (d) the voltage change of the NMC811 cathode during charge (blue) and the discharge (orange) process in LP57 without VC additive at a C rate of 1/15C from 2.7 to 4.5 V during its first cycle.,"value's own sentence cites Figure S2; the quote is Figure 2's caption, another passage",2026-09-17
04_reproducibility/reference_quotes.csv,v6-B1-09 | 1 | cell_type,status / quote_or_reason,stated | See the Terms and Conditions (https://onlinelibrary.wiley.com/terms-and-conditions) on Wiley Online Library for rules of use; OA articles are governed by the applicable Creative Commons License FIGURE 5 Full cell performance.,stated | The specific discharge capacities of NCM811|P15 Z30 PEDF|Li are 162.6 mAh g− 1,2026-09-17 release audit: quote extended to the full value clause; the cell notation NCM811|P15 Z30 PEDF|Li in the value's own sentence names the Li negative electrode,2026-09-17
04_reproducibility/reference_quotes.csv,v6-B1-01 | 1 | cell_type,status / quote_or_reason,stated | See the Terms and Conditions (https://onlinelibrary.wiley.com/terms-and-conditions) on Wiley Online Library for rules of use; OA articles are governed by the applicable Creative Commons License FIGURE 5 Full cell performance.,stated | the NCM811|P15 Z30 PEDF|Li shows an initial specific discharge capacity of 185.6 mAh g− 1 at 0.5 C,2026-09-17 release audit: quote extended to the full value clause; the cell notation in the value's own sentence names the Li negative electrode,2026-09-17
04_reproducibility/reference_quotes.csv,v6-B3-10 | 1 | voltage_window,status / quote_or_reason,stated | rate capability ... within 3.0–4.6 V,stated_elsewhere | rate capability ... within 3.0–4.6 V,"the window comes from an earlier sentence covering the rate test, not the value's own sentence",2026-09-17
04_reproducibility/reference_quotes.csv,v6-B3-10 | 2 | voltage_window,status / quote_or_reason,stated | rate capability ... within 3.0–4.6 V,stated_elsewhere | rate capability ... within 3.0–4.6 V,"the window comes from an earlier sentence covering the rate test, not the value's own sentence",2026-09-17
04_reproducibility/reference_quotes.csv,v6-B4-01 | 1 | cell_type,status / quote_or_reason,stated | The rough loading of graphite anode materials and NCM811 cathode was around 2.7 and 4.6 mg cm−2 for a full cell,stated_elsewhere | We assembled full cells with graphite anode,the full-cell anode comes from the preceding sentence; quote moved there from the methods,2026-09-17
04_reproducibility/reference_quotes.csv,v6-B4-06 | 1 | electrolyte,status / quote_or_reason,stated | Performance of 4.6 V NCM811 and LiCoO2 cathode The compatibility of 1 M LiBF4 + 1 M LiDFOB tFEP/FEC electrolyte with high-voltage cathodes was evaluated using aggressive 4.6 V NCM811 and LiCoO2 cathode (Fig.,stated_elsewhere | Performance of 4.6 V NCM811 and LiCoO2 cathode The compatibility of 1 M LiBF4 + 1 M LiDFOB tFEP/FEC electrolyte with high-voltage cathodes was evaluated using aggressive 4.6 V NCM811 and LiCoO2 cathode (Fig.,"the electrolyte is named in the section's opening sentence, not the value's own sentence",2026-09-17
04_reproducibility/reference_quotes.csv,v6-B3-07 | 1 | voltage_window,status / quote_or_reason,stated | cycling stability of two cathodes at 1 C in the voltage range of 2.7–4.3 V,stated_elsewhere | cycling stability of two cathodes at 1 C in the voltage range of 2.7–4.3 V,the value is in the conclusion; the window comes from the results sentence on Figure 2B,2026-09-17
04_reproducibility/reference_quotes.csv,v6-B2-03 | 1 | cell_type,status / quote_or_reason,stated | Li/NCM811 coin-cells,stated | Charge-discharge cycling performances of Li/NCM811 coin-cells,status kept; quote moved to the value's own figure caption (Figure 6),2026-09-17
04_reproducibility/reference_quotes.csv,v6-B4-04 | 1 | electrolyte,status / quote_or_reason,stated | 2.2 Preparation of GPEs Liquid electrolyte (LE) was prepared by dissolving 2 M LiTFSI and 0.2 M LiDFOB in a mixture of EC and DMC with a volume ratio of 3:7.,stated_elsewhere | 2.2 Preparation of GPEs Liquid electrolyte (LE) was prepared by dissolving 2 M LiTFSI and 0.2 M LiDFOB in a mixture of EC and DMC with a volume ratio of 3:7.,the electrolyte composition comes from the methods; the value's sentence only names the cell,2026-09-17
04_reproducibility/reference_quotes.csv,v6-B2-10 | 1 | cell_type,status / quote_or_reason,stated | the lithium-ion full cell using NMC811 as the cathode and TPEHBZ-ThBS CMP as the anode,stated | The fabricated full cell (TPEHBZ-ThBS CMP|1 M LiPF6|NMC811),status kept; quote moved from the abstract to the value's own passage,2026-09-17
04_reproducibility/reference_quotes.csv,v6-B2-06 | 1 | c_rate,status / quote_or_reason,stated | Long-term cycling was conducted at 1 C for 150 cycles,stated_elsewhere | Long-term cycling was conducted at 1 C for 150 cycles,"the 1 C cycling rate comes from the methods and section 3.3, not the value's own table row",2026-09-17
04_reproducibility/reference_quotes.csv,v6-B2-06 | 1 | voltage_window,status / quote_or_reason,"stated | However, Al2O3 surface treatment stabilized the cathode material’s structure, with a 2.8–4.4 V cutoff potential identiﬁed as the optimized cycling condition for NCM811@Al2O3 in this research",stated_elsewhere | Upper Cutoff Voltage (V) ... 187.23 158.74 84.79 0.1413 4.4 ... followed by discharging to 2.8 V at the same rate as charging,"quote moved from the conclusion to the value's own table row; 2026-09-17 release audit: the value's table row gives only the 4.4 V upper cutoff; the 2.8 V lower bound comes from the methods, so the status is stated_elsewhere",2026-09-17
04_reproducibility/reference_quotes.csv,v5-3B | 1 | capacity_type,status / quote_or_reason,"stated_elsewhere | At 1 C with a cathode loading of 15.3 mg ­cm–2, the full-cell delivered 137.1 mAh ­g–1 (areal capacity: 2.10 mAh ­cm–2) after 100 cycles, corresponding to a capacity retention of 81.2% (Fig.",not_reported | the paper says the full cell 'delivered' 137.1 mAh/g with a capacity retention but never says charge or discharge; reading it as discharge is a convention,"fact follows only from terminology ('delivered', 'capacity retention'); rule 2026-09-17: conventions are not_reported. Reverses an earlier review change to stated_elsewhere",2026-09-17
04_reproducibility/reference_quotes.csv,v6-B1-11 | 1 | cycle,status / quote_or_reason,"stated_elsewhere | Moreover, even with a high mass loading of 38.7 mg cm−2, the SPE-NCM811 cathode also exhibited a considerably large discharge capacity of 203.9 mA h g–1 at 0.1 C at 60°C with an ICE of up to 92.8% (Figure S17).",not_reported | the paper gives 203.9 mAh/g with its ICE (92.8%) but never names the cycle; reading ICE as first-cycle is a convention,fact follows only from terminology (ICE); rule 2026-09-17: conventions are not_reported,2026-09-17
04_reproducibility/reference_quotes.csv,v6-B3-05 | 1 | capacity_type,status / quote_or_reason,stated | a reversible specific capacity of 158,not_reported | the paper calls 158 mAh/g a 'reversible specific capacity' and never says charge or discharge; reading it as discharge is a convention,fact follows only from terminology ('reversible specific capacity'); rule 2026-09-17: conventions are not_reported,2026-09-17
04_reproducibility/reference_quotes.csv,v6-B1-09 | 1 | electrolyte,status / quote_or_reason,stated | NCM811|P15 Z30 PEDF|Li,stated | The specific discharge capacities of NCM811|P15 Z30 PEDF|Li are 162.6 mAh g− 1,2026-09-17 release audit: quote extended to the full value clause; the cell notation in the value's own sentence names the P15 Z30 PEDF electrolyte,2026-09-17
04_reproducibility/reference_quotes.csv,v6-B1-01 | 1 | electrolyte,status / quote_or_reason,stated | NCM811|P15 Z30 PEDF|Li,stated | the NCM811|P15 Z30 PEDF|Li shows an initial specific discharge capacity of 185.6 mAh g− 1 at 0.5 C,2026-09-17 release audit: quote extended to the full value clause; the cell notation in the value's own sentence names the P15 Z30 PEDF electrolyte,2026-09-17
04_reproducibility/reference_quotes.csv,v6-B1-12 | 1 | electrolyte,status / quote_or_reason,stated | The high-mass-loading cell with the G-P3 AR,stated | The high- mass-loading cell with the G-P3 AR exhibits 76.6% capacity retention after 200 cycles,"2026-09-17 release audit: quote extended from a truncated fragment to the value's full sentence, which names the G-P3 AR electrolyte",2026-09-17
04_reproducibility/reference_quotes.csv,v6-B1-12 | 1 | cell_type,status / quote_or_reason,"stated_elsewhere | Thus, LMBs with NCM811 cathodes were assembled and evaluated at 25 °C with a cutoff volt- age of 4.3 V.","stated_elsewhere | Thus, LMBs with NCM811 cathodes were assembled and evaluated at 25 °C with a cutoff volt- age of 4.3 V. ... cells with high-mass-loading NCM811 cathodes (area capacity of 2 mAh cm−2) were assembled",2026-09-17 release audit: quote extended to link the lithium metal battery (LMB) assembly sentence to the high-mass-loading cells the value belongs to,2026-09-17
04_reproducibility/reference_quotes.csv,v6-B1-14 | 1 | electrolyte,status / quote_or_reason,"stated_elsewhere | This slurry was applied onto a carbon-coated aluminum current collector using an automatic ﬁlm applicator Zehntner ZAA 2300, dried, and then cut into 15 mm diameter disks with cathode loading of 3.7–4.4 mg/cm2. 1 M LiPF6 solution in ethylene carbonate/ethyl methyl carbonate solution (EC:EMC = 2:5 by weight) + 2 wt.% of vinylene carbonate was used as an electrolyte",stated_elsewhere | 1 M LiPF6 solution in ethylene carbonate/ethyl methyl carbonate solution (EC:EMC = 2:5 by weight) + 2 wt.% of vinylene carbonate was used as an electrolyte. ... The full cells were assembled in an Ar- ﬁlled glove box,2026-09-17 release audit: previous quote (a slurry-coating sentence) did not mention the electrolyte; replaced with the full-cell methods sentence that names it,2026-09-17
04_reproducibility/reference_quotes.csv,v6-B1-14 | 2 | electrolyte,status / quote_or_reason,"stated_elsewhere | This slurry was applied onto a carbon-coated aluminum current collector using an automatic ﬁlm applicator Zehntner ZAA 2300, dried, and then cut into 15 mm diameter disks with cathode loading of 3.7–4.4 mg/cm2. 1 M LiPF6 solution in ethylene carbonate/ethyl methyl carbonate solution (EC:EMC = 2:5 by weight) + 2 wt.% of vinylene carbonate was used as an electrolyte",stated_elsewhere | 1 M LiPF6 solution in ethylene carbonate/ethyl methyl carbonate solution (EC:EMC = 2:5 by weight) + 2 wt.% of vinylene carbonate was used as an electrolyte. ... The full cells were assembled in an Ar- ﬁlled glove box,2026-09-17 release audit: previous quote (a slurry-coating sentence) did not mention the electrolyte; replaced with the full-cell methods sentence that names it,2026-09-17
04_reproducibility/reference_quotes.csv,v6-B1-14 | 1 | material,status / quote_or_reason,stated | Both materials demonstrate capacity retention of 88– 90% after 300 cycles at 1C (Figure 13).,"stated_elsewhere | in full cells, the difference in capacity retention of the CP7_MW3 and CP_A samples becomes less pronounced. Both materials demonstrate capacity retention of 88– 90% after 300 cycles at 1C (Figure 13).","2026-09-17 release audit: the value's sentence says only 'Both materials'; the sample names come from the preceding sentence, so the status is stated_elsewhere and the quote includes that sentence",2026-09-17
04_reproducibility/reference_quotes.csv,v6-B1-14 | 2 | material,status / quote_or_reason,stated | Both materials demonstrate capacity retention of 88– 90% after 300 cycles at 1C (Figure 13).,"stated_elsewhere | in full cells, the difference in capacity retention of the CP7_MW3 and CP_A samples becomes less pronounced. Both materials demonstrate capacity retention of 88– 90% after 300 cycles at 1C (Figure 13).","2026-09-17 release audit: the value's sentence says only 'Both materials'; the sample names come from the preceding sentence, so the status is stated_elsewhere and the quote includes that sentence",2026-09-17
04_reproducibility/reference_quotes.csv,v5-4A | 1 | voltage_window,status / quote_or_reason,stated | 83.8% at ... 4.6 V cut-off voltage,stated_elsewhere | 83.8% at ... 4.6 V cut-off voltage ... Three formation cycles were applied between 2.8 and 4.5 and 4.6 V vs. Li/Li+,"2026-09-17 release audit: the value's sentence gives only the 4.6 V upper cutoff; the 2.8 V lower bound comes from the methods, so the status is stated_elsewhere",2026-09-17
02_extraction/extraction_dev.csv,v5-2F | Gemini 3.1 Pro | main,doi,10.1021/acs.jpcc.5c00275,10.3390/batteries8070067,model labelled the measurement PAPER 08; the measurement is from PAPER 18; paper column keeps the model's label,2026-09-17
02_extraction/extraction_dev.csv,v5-2F | Gemini 3.1 Pro | main,doi,10.1021/acs.jpcc.5c00275,10.3390/batteries8070067,model labelled the measurement PAPER 08; the measurement is from PAPER 18; paper column keeps the model's label,2026-09-17
02_extraction/extraction_dev.csv,v5-4B | Gemini 3.1 Pro | main,doi,10.1021/acs.jpcc.5c00275,10.3390/batteries8070067,model labelled the measurement PAPER 08; the measurement is from PAPER 18; paper column keeps the model's label,2026-09-17
02_extraction/extraction_dev.csv,v6-B2-12 | GPT 5.6 Luna | main,doi,10.1016/j.mtener.2025.101862,10.3389/fenrg.2022.973336,model labelled the measurement PAPER 21; the measurement is from PAPER 20; paper column keeps the model's label,2026-09-17
02_extraction/extraction_dev.csv,v6-B1-10 | Gemini 3.1 Pro | main,doi,10.1002/sstr.202300247,10.1038/s41467-023-36853-x,model labelled the measurement PAPER 14; the measurement is from PAPER 22; paper column keeps the model's label,2026-09-17
02_extraction/extraction_dev.csv,v6-B1-11 | Gemini 3.1 Pro | main,doi,10.1002/sstr.202300247,10.1002/cey2.70076,model labelled the measurement PAPER 14; the measurement is from PAPER 28; paper column keeps the model's label,2026-09-17
02_extraction/extraction_dev.csv,v6-B2-05 | GPT 5.6 Luna | main,doi,10.1149/2.1011507jes,10.3390/nano15030156,model labelled the measurement PAPER 06; the measurement is from PAPER 02; paper column keeps the model's label,2026-09-17
02_extraction/extraction_dev.csv,v6-B2-05 | Gemini 3.1 Pro | main,doi,10.1155/er/8863976,10.3390/nano15030156,model labelled the measurement PAPER 08; the measurement is from PAPER 02; paper column keeps the model's label,2026-09-17
02_extraction/extraction_dev.csv,v6-B4-06 | Gemini 3.1 Pro | main,doi,10.1002/sstr.202300247,10.1038/s41467-023-36853-x,model labelled the measurement PAPER 14; the measurement is from PAPER 22; paper column keeps the model's label,2026-09-17
